id,timestamp,Day,PeopleCount(p),PeoplePerArea(p/m2),LightingPower(W),LightingPowerIntensity(W/m2),EquipmentLoad(W),EquipmentPowerIntensity(W/m2),VentilationRate(m3/s),ACH,CarbonEmissions(lb-co2/h)
0,10/1/2022 0:00,10/1/2022 0:00,0,0.0000,0,0.0000,77.4000,0.2992,0.1300,0.4958,1.761686733
1,10/1/2022 1:00,10/1/2022 1:00,0,0.0000,0,0.0000,77.4000,0.2992,0.1300,0.4958,1.761686733
2,10/1/2022 2:00,10/1/2022 2:00,0,0.0000,0,0.0000,77.4000,0.2992,0.1300,0.4958,1.761686733
3,10/1/2022 3:00,10/1/2022 3:00,0,0.0000,0,0.0000,77.4000,0.2992,0.1300,0.4958,1.761686733
4,10/1/2022 4:00,10/1/2022 4:00,0,0.0000,0,0.0000,77.4000,0.2992,0.1300,0.4958,1.761686733
5,10/1/2022 5:00,10/1/2022 5:00,0,0.0000,0,0.0000,77.4000,0.2992,0.1300,0.4958,1.761686733
6,10/1/2022 6:00,10/1/2022 6:00,65,0.2513,700,2.7064,142.4000,0.5506,1.0478,3.9958,2.777863911
7,10/1/2022 7:00,10/1/2022 7:00,65,0.2513,700,2.7064,142.4000,0.5506,1.0478,3.9958,2.777863911
8,10/1/2022 8:00,10/1/2022 8:00,65,0.2513,700,2.7064,142.4000,0.5506,1.0478,3.9958,2.777863911
9,10/1/2022 9:00,10/1/2022 9:00,65,0.2513,700,2.7064,142.4000,0.5506,1.0478,3.9958,2.777863911
10,10/1/2022 10:00,10/1/2022 10:00,65,0.2513,700,2.7064,142.4000,0.5506,1.0478,3.9958,2.777863911
11,10/1/2022 11:00,10/1/2022 11:00,65,0.2513,700,2.7064,142.4000,0.5506,1.0478,3.9958,2.777863911
12,10/1/2022 12:00,10/1/2022 12:00,65,0.2513,700,2.7064,142.4000,0.5506,1.0478,3.9958,2.777863911
13,10/1/2022 13:00,10/1/2022 13:00,65,0.2513,700,2.7064,142.4000,0.5506,1.0478,3.9958,2.777863911
14,10/1/2022 14:00,10/1/2022 14:00,65,0.2513,700,2.7064,142.4000,0.5506,1.0478,3.9958,2.777863911
15,10/1/2022 15:00,10/1/2022 15:00,65,0.2513,700,2.7064,142.4000,0.5506,1.0478,3.9958,2.777863911
16,10/1/2022 16:00,10/1/2022 16:00,65,0.2513,700,2.7064,142.4000,0.5506,1.0478,3.9958,2.777863911
17,10/1/2022 17:00,10/1/2022 17:00,65,0.2513,700,2.7064,142.4000,0.5506,1.0478,3.9958,2.777863911
18,10/1/2022 18:00,10/1/2022 18:00,65,0.2513,700,2.7064,142.4000,0.5506,1.0478,3.9958,2.777863911
19,10/1/2022 19:00,10/1/2022 19:00,65,0.2513,700,2.7064,142.4000,0.5506,1.0478,3.9958,2.777863911
20,10/1/2022 20:00,10/1/2022 20:00,65,0.2513,700,2.7064,142.4000,0.5506,1.0478,3.9958,2.777863911
21,10/1/2022 21:00,10/1/2022 21:00,65,0.2513,700,2.7064,142.4000,0.5506,1.0478,3.9958,2.777863911
22,10/1/2022 22:00,10/1/2022 22:00,65,0.2513,700,2.7064,142.4000,0.5506,1.0478,3.9958,2.777863911
23,10/1/2022 23:00,10/1/2022 23:00,65,0.2513,700,2.7064,142.4000,0.5506,1.0478,3.9958,2.777863911
24,10/2/2022 0:00,10/2/2022 0:00,0,0.0000,0,0.0000,77.4000,0.2992,0.1300,0.4958,1.761686733
25,10/2/2022 1:00,10/2/2022 1:00,0,0.0000,0,0.0000,77.4000,0.2992,0.1300,0.4958,1.761686733
26,10/2/2022 2:00,10/2/2022 2:00,0,0.0000,0,0.0000,77.4000,0.2992,0.1300,0.4958,1.761686733
27,10/2/2022 3:00,10/2/2022 3:00,0,0.0000,0,0.0000,77.4000,0.2992,0.1300,0.4958,1.761686733
28,10/2/2022 4:00,10/2/2022 4:00,0,0.0000,0,0.0000,77.4000,0.2992,0.1300,0.4958,1.761686733
29,10/2/2022 5:00,10/2/2022 5:00,0,0.0000,0,0.0000,77.4000,0.2992,0.1300,0.4958,1.761686733
30,10/2/2022 6:00,10/2/2022 6:00,0,0.0000,0,0.0000,77.4000,0.2992,0.1300,0.4958,1.761686733
31,10/2/2022 7:00,10/2/2022 7:00,65,0.2513,700,2.7064,142.4000,0.5506,1.0478,3.9958,2.777863911
32,10/2/2022 8:00,10/2/2022 8:00,65,0.2513,700,2.7064,142.4000,0.5506,1.0478,3.9958,2.777863911
33,10/2/2022 9:00,10/2/2022 9:00,65,0.2513,700,2.7064,142.4000,0.5506,1.0478,3.9958,2.777863911
34,10/2/2022 10:00,10/2/2022 10:00,65,0.2513,700,2.7064,142.4000,0.5506,1.0478,3.9958,2.777863911
35,10/2/2022 11:00,10/2/2022 11:00,65,0.2513,700,2.7064,142.4000,0.5506,1.0478,3.9958,2.777863911
36,10/2/2022 12:00,10/2/2022 12:00,65,0.2513,700,2.7064,142.4000,0.5506,1.0478,3.9958,2.777863911
37,10/2/2022 13:00,10/2/2022 13:00,65,0.2513,700,2.7064,142.4000,0.5506,1.0478,3.9958,2.777863911
38,10/2/2022 14:00,10/2/2022 14:00,65,0.2513,700,2.7064,142.4000,0.5506,1.0478,3.9958,2.777863911
39,10/2/2022 15:00,10/2/2022 15:00,65,0.2513,700,2.7064,142.4000,0.5506,1.0478,3.9958,2.777863911
40,10/2/2022 16:00,10/2/2022 16:00,65,0.2513,700,2.7064,142.4000,0.5506,1.0478,3.9958,2.777863911
41,10/2/2022 17:00,10/2/2022 17:00,65,0.2513,700,2.7064,142.4000,0.5506,1.0478,3.9958,2.777863911
42,10/2/2022 18:00,10/2/2022 18:00,65,0.2513,700,2.7064,142.4000,0.5506,1.0478,3.9958,2.777863911
43,10/2/2022 19:00,10/2/2022 19:00,65,0.2513,700,2.7064,142.4000,0.5506,1.0478,3.9958,2.777863911
44,10/2/2022 20:00,10/2/2022 20:00,65,0.2513,700,2.7064,142.4000,0.5506,1.0478,3.9958,2.777863911
45,10/2/2022 21:00,10/2/2022 21:00,65,0.2513,700,2.7064,142.4000,0.5506,1.0478,3.9958,2.777863911
46,10/2/2022 22:00,10/2/2022 22:00,65,0.2513,700,2.7064,142.4000,0.5506,1.0478,3.9958,2.777863911
47,10/2/2022 23:00,10/2/2022 23:00,65,0.2513,700,2.7064,142.4000,0.5506,1.0478,3.9958,2.777863911
48,10/3/2022 0:00,10/3/2022 0:00,0,0.0000,0,0.0000,77.4000,0.2992,0.1300,0.4958,1.761686733
49,10/3/2022 1:00,10/3/2022 1:00,0,0.0000,0,0.0000,77.4000,0.2992,0.1300,0.4958,1.761686733
50,10/3/2022 2:00,10/3/2022 2:00,0,0.0000,0,0.0000,77.4000,0.2992,0.1300,0.4958,1.761686733
51,10/3/2022 3:00,10/3/2022 3:00,0,0.0000,0,0.0000,77.4000,0.2992,0.1300,0.4958,1.761686733
52,10/3/2022 4:00,10/3/2022 4:00,0,0.0000,0,0.0000,77.4000,0.2992,0.1300,0.4958,1.761686733
53,10/3/2022 5:00,10/3/2022 5:00,0,0.0000,0,0.0000,77.4000,0.2992,0.1300,0.4958,1.761686733
54,10/3/2022 6:00,10/3/2022 6:00,65,0.2513,700,2.7064,142.4000,0.5506,1.0478,3.9958,2.777863911
55,10/3/2022 7:00,10/3/2022 7:00,65,0.2513,700,2.7064,142.4000,0.5506,1.0478,3.9958,2.777863911
56,10/3/2022 8:00,10/3/2022 8:00,65,0.2513,700,2.7064,142.4000,0.5506,1.0478,3.9958,2.777863911
57,10/3/2022 9:00,10/3/2022 9:00,65,0.2513,700,2.7064,142.4000,0.5506,1.0478,3.9958,2.777863911
58,10/3/2022 10:00,10/3/2022 10:00,65,0.2513,700,2.7064,142.4000,0.5506,1.0478,3.9958,2.777863911
59,10/3/2022 11:00,10/3/2022 11:00,65,0.2513,700,2.7064,142.4000,0.5506,1.0478,3.9958,2.777863911
60,10/3/2022 12:00,10/3/2022 12:00,65,0.2513,700,2.7064,142.4000,0.5506,1.0478,3.9958,2.777863911
61,10/3/2022 13:00,10/3/2022 13:00,65,0.2513,700,2.7064,142.4000,0.5506,1.0478,3.9958,2.777863911
62,10/3/2022 14:00,10/3/2022 14:00,65,0.2513,700,2.7064,142.4000,0.5506,1.0478,3.9958,2.777863911
63,10/3/2022 15:00,10/3/2022 15:00,65,0.2513,700,2.7064,142.4000,0.5506,1.0478,3.9958,2.777863911
64,10/3/2022 16:00,10/3/2022 16:00,65,0.2513,700,2.7064,142.4000,0.5506,1.0478,3.9958,2.777863911
65,10/3/2022 17:00,10/3/2022 17:00,65,0.2513,700,2.7064,142.4000,0.5506,1.0478,3.9958,2.777863911
66,10/3/2022 18:00,10/3/2022 18:00,65,0.2513,700,2.7064,142.4000,0.5506,1.0478,3.9958,2.777863911
67,10/3/2022 19:00,10/3/2022 19:00,65,0.2513,700,2.7064,142.4000,0.5506,1.0478,3.9958,2.777863911
68,10/3/2022 20:00,10/3/2022 20:00,0,0.0000,0,0.0000,77.4000,0.2992,0.1300,0.4958,1.761686733
69,10/3/2022 21:00,10/3/2022 21:00,0,0.0000,0,0.0000,77.4000,0.2992,0.1300,0.4958,1.761686733
70,10/3/2022 22:00,10/3/2022 22:00,0,0.0000,0,0.0000,77.4000,0.2992,0.1300,0.4958,1.761686733
71,10/3/2022 23:00,10/3/2022 23:00,0,0.0000,0,0.0000,77.4000,0.2992,0.1300,0.4958,1.761686733
72,10/4/2022 0:00,10/4/2022 0:00,0,0.0000,0,0.0000,77.4000,0.2992,0.1300,0.4958,1.761686733
73,10/4/2022 1:00,10/4/2022 1:00,0,0.0000,0,0.0000,77.4000,0.2992,0.1300,0.4958,1.761686733
74,10/4/2022 2:00,10/4/2022 2:00,0,0.0000,0,0.0000,77.4000,0.2992,0.1300,0.4958,1.761686733
75,10/4/2022 3:00,10/4/2022 3:00,0,0.0000,0,0.0000,77.4000,0.2992,0.1300,0.4958,1.761686733
76,10/4/2022 4:00,10/4/2022 4:00,0,0.0000,0,0.0000,77.4000,0.2992,0.1300,0.4958,1.761686733
77,10/4/2022 5:00,10/4/2022 5:00,0,0.0000,0,0.0000,77.4000,0.2992,0.1300,0.4958,1.761686733
78,10/4/2022 6:00,10/4/2022 6:00,65,0.2513,700,2.7064,142.4000,0.5506,1.0478,3.9958,2.777863911
79,10/4/2022 7:00,10/4/2022 7:00,65,0.2513,700,2.7064,142.4000,0.5506,1.0478,3.9958,2.777863911
80,10/4/2022 8:00,10/4/2022 8:00,65,0.2513,700,2.7064,142.4000,0.5506,1.0478,3.9958,2.777863911
81,10/4/2022 9:00,10/4/2022 9:00,65,0.2513,700,2.7064,142.4000,0.5506,1.0478,3.9958,2.777863911
82,10/4/2022 10:00,10/4/2022 10:00,65,0.2513,700,2.7064,142.4000,0.5506,1.0478,3.9958,2.777863911
83,10/4/2022 11:00,10/4/2022 11:00,65,0.2513,700,2.7064,142.4000,0.5506,1.0478,3.9958,2.777863911
84,10/4/2022 12:00,10/4/2022 12:00,65,0.2513,700,2.7064,142.4000,0.5506,1.0478,3.9958,2.777863911
85,10/4/2022 13:00,10/4/2022 13:00,65,0.2513,700,2.7064,142.4000,0.5506,1.0478,3.9958,2.777863911
86,10/4/2022 14:00,10/4/2022 14:00,65,0.2513,700,2.7064,142.4000,0.5506,1.0478,3.9958,2.777863911
87,10/4/2022 15:00,10/4/2022 15:00,65,0.2513,700,2.7064,142.4000,0.5506,1.0478,3.9958,2.777863911
88,10/4/2022 16:00,10/4/2022 16:00,65,0.2513,700,2.7064,142.4000,0.5506,1.0478,3.9958,2.777863911
89,10/4/2022 17:00,10/4/2022 17:00,65,0.2513,700,2.7064,142.4000,0.5506,1.0478,3.9958,2.777863911
90,10/4/2022 18:00,10/4/2022 18:00,65,0.2513,700,2.7064,142.4000,0.5506,1.0478,3.9958,2.777863911
91,10/4/2022 19:00,10/4/2022 19:00,65,0.2513,700,2.7064,142.4000,0.5506,1.0478,3.9958,2.777863911
92,10/4/2022 20:00,10/4/2022 20:00,0,0.0000,0,0.0000,77.4000,0.2992,0.1300,0.4958,1.761686733
93,10/4/2022 21:00,10/4/2022 21:00,0,0.0000,0,0.0000,77.4000,0.2992,0.1300,0.4958,1.761686733
94,10/4/2022 22:00,10/4/2022 22:00,0,0.0000,0,0.0000,77.4000,0.2992,0.1300,0.4958,1.761686733
95,10/4/2022 23:00,10/4/2022 23:00,0,0.0000,0,0.0000,77.4000,0.2992,0.1300,0.4958,1.761686733
96,10/5/2022 0:00,10/5/2022 0:00,0,0.0000,0,0.0000,77.4000,0.2992,0.1300,0.4958,1.761686733
97,10/5/2022 1:00,10/5/2022 1:00,0,0.0000,0,0.0000,77.4000,0.2992,0.1300,0.4958,1.761686733
98,10/5/2022 2:00,10/5/2022 2:00,0,0.0000,0,0.0000,77.4000,0.2992,0.1300,0.4958,1.761686733
99,10/5/2022 3:00,10/5/2022 3:00,0,0.0000,0,0.0000,77.4000,0.2992,0.1300,0.4958,1.761686733
100,10/5/2022 4:00,10/5/2022 4:00,0,0.0000,0,0.0000,77.4000,0.2992,0.1300,0.4958,1.761686733
101,10/5/2022 5:00,10/5/2022 5:00,0,0.0000,0,0.0000,77.4000,0.2992,0.1300,0.4958,1.761686733
102,10/5/2022 6:00,10/5/2022 6:00,65,0.2513,700,2.7064,142.4000,0.5506,1.0478,3.9958,2.777863911
103,10/5/2022 7:00,10/5/2022 7:00,65,0.2513,700,2.7064,142.4000,0.5506,1.0478,3.9958,2.777863911
104,10/5/2022 8:00,10/5/2022 8:00,65,0.2513,700,2.7064,142.4000,0.5506,1.0478,3.9958,2.777863911
105,10/5/2022 9:00,10/5/2022 9:00,65,0.2513,700,2.7064,142.4000,0.5506,1.0478,3.9958,2.777863911
106,10/5/2022 10:00,10/5/2022 10:00,65,0.2513,700,2.7064,142.4000,0.5506,1.0478,3.9958,2.777863911
107,10/5/2022 11:00,10/5/2022 11:00,65,0.2513,700,2.7064,142.4000,0.5506,1.0478,3.9958,2.777863911
108,10/5/2022 12:00,10/5/2022 12:00,65,0.2513,700,2.7064,142.4000,0.5506,1.0478,3.9958,2.777863911
109,10/5/2022 13:00,10/5/2022 13:00,65,0.2513,700,2.7064,142.4000,0.5506,1.0478,3.9958,2.777863911
110,10/5/2022 14:00,10/5/2022 14:00,65,0.2513,700,2.7064,142.4000,0.5506,1.0478,3.9958,2.777863911
111,10/5/2022 15:00,10/5/2022 15:00,65,0.2513,700,2.7064,142.4000,0.5506,1.0478,3.9958,2.777863911
112,10/5/2022 16:00,10/5/2022 16:00,65,0.2513,700,2.7064,142.4000,0.5506,1.0478,3.9958,2.777863911
113,10/5/2022 17:00,10/5/2022 17:00,65,0.2513,700,2.7064,142.4000,0.5506,1.0478,3.9958,2.777863911
114,10/5/2022 18:00,10/5/2022 18:00,65,0.2513,700,2.7064,142.4000,0.5506,1.0478,3.9958,2.777863911
115,10/5/2022 19:00,10/5/2022 19:00,65,0.2513,700,2.7064,142.4000,0.5506,1.0478,3.9958,2.777863911
116,10/5/2022 20:00,10/5/2022 20:00,0,0.0000,0,0.0000,77.4000,0.2992,0.1300,0.4958,1.761686733
117,10/5/2022 21:00,10/5/2022 21:00,0,0.0000,0,0.0000,77.4000,0.2992,0.1300,0.4958,1.761686733
118,10/5/2022 22:00,10/5/2022 22:00,0,0.0000,0,0.0000,77.4000,0.2992,0.1300,0.4958,1.761686733
119,10/5/2022 23:00,10/5/2022 23:00,0,0.0000,0,0.0000,77.4000,0.2992,0.1300,0.4958,1.761686733
120,10/6/2022 0:00,10/6/2022 0:00,0,0.0000,0,0.0000,77.4000,0.2992,0.1300,0.4958,1.761686733
121,10/6/2022 1:00,10/6/2022 1:00,0,0.0000,0,0.0000,77.4000,0.2992,0.1300,0.4958,1.761686733
122,10/6/2022 2:00,10/6/2022 2:00,0,0.0000,0,0.0000,77.4000,0.2992,0.1300,0.4958,1.761686733
123,10/6/2022 3:00,10/6/2022 3:00,0,0.0000,0,0.0000,77.4000,0.2992,0.1300,0.4958,1.761686733
124,10/6/2022 4:00,10/6/2022 4:00,0,0.0000,0,0.0000,77.4000,0.2992,0.1300,0.4958,1.761686733
125,10/6/2022 5:00,10/6/2022 5:00,0,0.0000,0,0.0000,77.4000,0.2992,0.1300,0.4958,1.761686733
126,10/6/2022 6:00,10/6/2022 6:00,65,0.2513,700,2.7064,142.4000,0.5506,1.0478,3.9958,2.777863911
127,10/6/2022 7:00,10/6/2022 7:00,65,0.2513,700,2.7064,142.4000,0.5506,1.0478,3.9958,2.777863911
128,10/6/2022 8:00,10/6/2022 8:00,65,0.2513,700,2.7064,142.4000,0.5506,1.0478,3.9958,2.777863911
129,10/6/2022 9:00,10/6/2022 9:00,65,0.2513,700,2.7064,142.4000,0.5506,1.0478,3.9958,2.777863911
130,10/6/2022 10:00,10/6/2022 10:00,65,0.2513,700,2.7064,142.4000,0.5506,1.0478,3.9958,2.777863911
131,10/6/2022 11:00,10/6/2022 11:00,65,0.2513,700,2.7064,142.4000,0.5506,1.0478,3.9958,2.777863911
132,10/6/2022 12:00,10/6/2022 12:00,65,0.2513,700,2.7064,142.4000,0.5506,1.0478,3.9958,2.777863911
133,10/6/2022 13:00,10/6/2022 13:00,65,0.2513,700,2.7064,142.4000,0.5506,1.0478,3.9958,2.777863911
134,10/6/2022 14:00,10/6/2022 14:00,65,0.2513,700,2.7064,142.4000,0.5506,1.0478,3.9958,2.777863911
135,10/6/2022 15:00,10/6/2022 15:00,65,0.2513,700,2.7064,142.4000,0.5506,1.0478,3.9958,2.777863911
136,10/6/2022 16:00,10/6/2022 16:00,65,0.2513,700,2.7064,142.4000,0.5506,1.0478,3.9958,2.777863911
137,10/6/2022 17:00,10/6/2022 17:00,65,0.2513,700,2.7064,142.4000,0.5506,1.0478,3.9958,2.777863911
138,10/6/2022 18:00,10/6/2022 18:00,65,0.2513,700,2.7064,142.4000,0.5506,1.0478,3.9958,2.777863911
139,10/6/2022 19:00,10/6/2022 19:00,65,0.2513,700,2.7064,142.4000,0.5506,1.0478,3.9958,2.777863911
140,10/6/2022 20:00,10/6/2022 20:00,0,0.0000,0,0.0000,77.4000,0.2992,0.1300,0.4958,1.761686733
141,10/6/2022 21:00,10/6/2022 21:00,0,0.0000,0,0.0000,77.4000,0.2992,0.1300,0.4958,1.761686733
142,10/6/2022 22:00,10/6/2022 22:00,0,0.0000,0,0.0000,77.4000,0.2992,0.1300,0.4958,1.761686733
143,10/6/2022 23:00,10/6/2022 23:00,0,0.0000,0,0.0000,77.4000,0.2992,0.1300,0.4958,1.761686733
144,10/7/2022 0:00,10/7/2022 0:00,0,0.0000,0,0.0000,77.4000,0.2992,0.1300,0.4958,1.761686733
145,10/7/2022 1:00,10/7/2022 1:00,0,0.0000,0,0.0000,77.4000,0.2992,0.1300,0.4958,1.761686733
146,10/7/2022 2:00,10/7/2022 2:00,0,0.0000,0,0.0000,77.4000,0.2992,0.1300,0.4958,1.761686733
147,10/7/2022 3:00,10/7/2022 3:00,0,0.0000,0,0.0000,77.4000,0.2992,0.1300,0.4958,1.761686733
148,10/7/2022 4:00,10/7/2022 4:00,0,0.0000,0,0.0000,77.4000,0.2992,0.1300,0.4958,1.761686733
149,10/7/2022 5:00,10/7/2022 5:00,0,0.0000,0,0.0000,77.4000,0.2992,0.1300,0.4958,1.761686733
150,10/7/2022 6:00,10/7/2022 6:00,65,0.2513,700,2.7064,142.4000,0.5506,1.0478,3.9958,2.777863911
151,10/7/2022 7:00,10/7/2022 7:00,65,0.2513,700,2.7064,142.4000,0.5506,1.0478,3.9958,2.777863911
152,10/7/2022 8:00,10/7/2022 8:00,65,0.2513,700,2.7064,142.4000,0.5506,1.0478,3.9958,2.777863911
153,10/7/2022 9:00,10/7/2022 9:00,65,0.2513,700,2.7064,142.4000,0.5506,1.0478,3.9958,2.777863911
154,10/7/2022 10:00,10/7/2022 10:00,65,0.2513,700,2.7064,142.4000,0.5506,1.0478,3.9958,2.777863911
155,10/7/2022 11:00,10/7/2022 11:00,65,0.2513,700,2.7064,142.4000,0.5506,1.0478,3.9958,2.777863911
156,10/7/2022 12:00,10/7/2022 12:00,65,0.2513,700,2.7064,142.4000,0.5506,1.0478,3.9958,2.777863911
157,10/7/2022 13:00,10/7/2022 13:00,65,0.2513,700,2.7064,142.4000,0.5506,1.0478,3.9958,2.777863911
158,10/7/2022 14:00,10/7/2022 14:00,65,0.2513,700,2.7064,142.4000,0.5506,1.0478,3.9958,2.777863911
159,10/7/2022 15:00,10/7/2022 15:00,65,0.2513,700,2.7064,142.4000,0.5506,1.0478,3.9958,2.777863911
160,10/7/2022 16:00,10/7/2022 16:00,65,0.2513,700,2.7064,142.4000,0.5506,1.0478,3.9958,2.777863911
161,10/7/2022 17:00,10/7/2022 17:00,65,0.2513,700,2.7064,142.4000,0.5506,1.0478,3.9958,2.777863911
162,10/7/2022 18:00,10/7/2022 18:00,65,0.2513,700,2.7064,142.4000,0.5506,1.0478,3.9958,2.777863911
163,10/7/2022 19:00,10/7/2022 19:00,65,0.2513,700,2.7064,142.4000,0.5506,1.0478,3.9958,2.777863911
164,10/7/2022 20:00,10/7/2022 20:00,65,0.2513,700,2.7064,142.4000,0.5506,1.0478,3.9958,2.777863911
165,10/7/2022 21:00,10/7/2022 21:00,65,0.2513,700,2.7064,142.4000,0.5506,1.0478,3.9958,2.777863911
166,10/7/2022 22:00,10/7/2022 22:00,65,0.2513,700,2.7064,142.4000,0.5506,1.0478,3.9958,2.777863911
167,10/7/2022 23:00,10/7/2022 23:00,65,0.2513,700,2.7064,142.4000,0.5506,1.0478,3.9958,2.777863911
168,10/8/2022 0:00,10/8/2022 0:00,0,0.0000,0,0.0000,77.4000,0.2992,0.1300,0.4958,1.761686733
169,10/8/2022 1:00,10/8/2022 1:00,0,0.0000,0,0.0000,77.4000,0.2992,0.1300,0.4958,1.761686733
170,10/8/2022 2:00,10/8/2022 2:00,0,0.0000,0,0.0000,77.4000,0.2992,0.1300,0.4958,1.761686733
171,10/8/2022 3:00,10/8/2022 3:00,0,0.0000,0,0.0000,77.4000,0.2992,0.1300,0.4958,1.761686733
172,10/8/2022 4:00,10/8/2022 4:00,0,0.0000,0,0.0000,77.4000,0.2992,0.1300,0.4958,1.761686733
173,10/8/2022 5:00,10/8/2022 5:00,0,0.0000,0,0.0000,77.4000,0.2992,0.1300,0.4958,1.761686733
174,10/8/2022 6:00,10/8/2022 6:00,65,0.2513,700,2.7064,142.4000,0.5506,1.0478,3.9958,2.777863911
175,10/8/2022 7:00,10/8/2022 7:00,65,0.2513,700,2.7064,142.4000,0.5506,1.0478,3.9958,2.777863911
176,10/8/2022 8:00,10/8/2022 8:00,65,0.2513,700,2.7064,142.4000,0.5506,1.0478,3.9958,2.777863911
177,10/8/2022 9:00,10/8/2022 9:00,65,0.2513,700,2.7064,142.4000,0.5506,1.0478,3.9958,2.777863911
178,10/8/2022 10:00,10/8/2022 10:00,65,0.2513,700,2.7064,142.4000,0.5506,1.0478,3.9958,2.777863911
179,10/8/2022 11:00,10/8/2022 11:00,65,0.2513,700,2.7064,142.4000,0.5506,1.0478,3.9958,2.777863911
180,10/8/2022 12:00,10/8/2022 12:00,65,0.2513,700,2.7064,142.4000,0.5506,1.0478,3.9958,2.777863911
181,10/8/2022 13:00,10/8/2022 13:00,65,0.2513,700,2.7064,142.4000,0.5506,1.0478,3.9958,2.777863911
182,10/8/2022 14:00,10/8/2022 14:00,65,0.2513,700,2.7064,142.4000,0.5506,1.0478,3.9958,2.777863911
183,10/8/2022 15:00,10/8/2022 15:00,65,0.2513,700,2.7064,142.4000,0.5506,1.0478,3.9958,2.777863911
184,10/8/2022 16:00,10/8/2022 16:00,65,0.2513,700,2.7064,142.4000,0.5506,1.0478,3.9958,2.777863911
185,10/8/2022 17:00,10/8/2022 17:00,65,0.2513,700,2.7064,142.4000,0.5506,1.0478,3.9958,2.777863911
186,10/8/2022 18:00,10/8/2022 18:00,65,0.2513,700,2.7064,142.4000,0.5506,1.0478,3.9958,2.777863911
187,10/8/2022 19:00,10/8/2022 19:00,65,0.2513,700,2.7064,142.4000,0.5506,1.0478,3.9958,2.777863911
188,10/8/2022 20:00,10/8/2022 20:00,65,0.2513,700,2.7064,142.4000,0.5506,1.0478,3.9958,2.777863911
189,10/8/2022 21:00,10/8/2022 21:00,65,0.2513,700,2.7064,142.4000,0.5506,1.0478,3.9958,2.777863911
190,10/8/2022 22:00,10/8/2022 22:00,65,0.2513,700,2.7064,142.4000,0.5506,1.0478,3.9958,2.777863911
191,10/8/2022 23:00,10/8/2022 23:00,65,0.2513,700,2.7064,142.4000,0.5506,1.0478,3.9958,2.777863911
192,10/9/2022 0:00,10/9/2022 0:00,0,0.0000,0,0.0000,77.4000,0.2992,0.1300,0.4958,1.761686733
193,10/9/2022 1:00,10/9/2022 1:00,0,0.0000,0,0.0000,77.4000,0.2992,0.1300,0.4958,1.761686733
194,10/9/2022 2:00,10/9/2022 2:00,0,0.0000,0,0.0000,77.4000,0.2992,0.1300,0.4958,1.761686733
195,10/9/2022 3:00,10/9/2022 3:00,0,0.0000,0,0.0000,77.4000,0.2992,0.1300,0.4958,1.761686733
196,10/9/2022 4:00,10/9/2022 4:00,0,0.0000,0,0.0000,77.4000,0.2992,0.1300,0.4958,1.761686733
197,10/9/2022 5:00,10/9/2022 5:00,0,0.0000,0,0.0000,77.4000,0.2992,0.1300,0.4958,1.761686733
198,10/9/2022 6:00,10/9/2022 6:00,0,0.0000,0,0.0000,77.4000,0.2992,0.1300,0.4958,1.761686733
199,10/9/2022 7:00,10/9/2022 7:00,65,0.2513,700,2.7064,142.4000,0.5506,1.0478,3.9958,2.777863911
200,10/9/2022 8:00,10/9/2022 8:00,65,0.2513,700,2.7064,142.4000,0.5506,1.0478,3.9958,2.777863911
201,10/9/2022 9:00,10/9/2022 9:00,65,0.2513,700,2.7064,142.4000,0.5506,1.0478,3.9958,2.777863911
202,10/9/2022 10:00,10/9/2022 10:00,65,0.2513,700,2.7064,142.4000,0.5506,1.0478,3.9958,2.777863911
203,10/9/2022 11:00,10/9/2022 11:00,65,0.2513,700,2.7064,142.4000,0.5506,1.0478,3.9958,2.777863911
204,10/9/2022 12:00,10/9/2022 12:00,65,0.2513,700,2.7064,142.4000,0.5506,1.0478,3.9958,2.777863911
205,10/9/2022 13:00,10/9/2022 13:00,65,0.2513,700,2.7064,142.4000,0.5506,1.0478,3.9958,2.777863911
206,10/9/2022 14:00,10/9/2022 14:00,65,0.2513,700,2.7064,142.4000,0.5506,1.0478,3.9958,2.777863911
207,10/9/2022 15:00,10/9/2022 15:00,65,0.2513,700,2.7064,142.4000,0.5506,1.0478,3.9958,2.777863911
208,10/9/2022 16:00,10/9/2022 16:00,65,0.2513,700,2.7064,142.4000,0.5506,1.0478,3.9958,2.777863911
209,10/9/2022 17:00,10/9/2022 17:00,65,0.2513,700,2.7064,142.4000,0.5506,1.0478,3.9958,2.777863911
210,10/9/2022 18:00,10/9/2022 18:00,65,0.2513,700,2.7064,142.4000,0.5506,1.0478,3.9958,2.777863911
211,10/9/2022 19:00,10/9/2022 19:00,65,0.2513,700,2.7064,142.4000,0.5506,1.0478,3.9958,2.777863911
212,10/9/2022 20:00,10/9/2022 20:00,65,0.2513,700,2.7064,142.4000,0.5506,1.0478,3.9958,2.777863911
213,10/9/2022 21:00,10/9/2022 21:00,65,0.2513,700,2.7064,142.4000,0.5506,1.0478,3.9958,2.777863911
214,10/9/2022 22:00,10/9/2022 22:00,65,0.2513,700,2.7064,142.4000,0.5506,1.0478,3.9958,2.777863911
215,10/9/2022 23:00,10/9/2022 23:00,65,0.2513,700,2.7064,142.4000,0.5506,1.0478,3.9958,2.777863911
216,10/10/2022 0:00,10/10/2022 0:00,0,0.0000,0,0.0000,77.4000,0.2992,0.1300,0.4958,1.761686733
217,10/10/2022 1:00,10/10/2022 1:00,0,0.0000,0,0.0000,77.4000,0.2992,0.1300,0.4958,1.761686733
218,10/10/2022 2:00,10/10/2022 2:00,0,0.0000,0,0.0000,77.4000,0.2992,0.1300,0.4958,1.761686733
219,10/10/2022 3:00,10/10/2022 3:00,0,0.0000,0,0.0000,77.4000,0.2992,0.1300,0.4958,1.761686733
220,10/10/2022 4:00,10/10/2022 4:00,0,0.0000,0,0.0000,77.4000,0.2992,0.1300,0.4958,1.761686733
221,10/10/2022 5:00,10/10/2022 5:00,0,0.0000,0,0.0000,77.4000,0.2992,0.1300,0.4958,1.761686733
222,10/10/2022 6:00,10/10/2022 6:00,65,0.2513,700,2.7064,142.4000,0.5506,1.0478,3.9958,2.777863911
223,10/10/2022 7:00,10/10/2022 7:00,65,0.2513,700,2.7064,142.4000,0.5506,1.0478,3.9958,2.777863911
224,10/10/2022 8:00,10/10/2022 8:00,65,0.2513,700,2.7064,142.4000,0.5506,1.0478,3.9958,2.777863911
225,10/10/2022 9:00,10/10/2022 9:00,65,0.2513,700,2.7064,142.4000,0.5506,1.0478,3.9958,2.777863911
226,10/10/2022 10:00,10/10/2022 10:00,65,0.2513,700,2.7064,142.4000,0.5506,1.0478,3.9958,2.777863911
227,10/10/2022 11:00,10/10/2022 11:00,65,0.2513,700,2.7064,142.4000,0.5506,1.0478,3.9958,2.777863911
228,10/10/2022 12:00,10/10/2022 12:00,65,0.2513,700,2.7064,142.4000,0.5506,1.0478,3.9958,2.777863911
229,10/10/2022 13:00,10/10/2022 13:00,65,0.2513,700,2.7064,142.4000,0.5506,1.0478,3.9958,2.777863911
230,10/10/2022 14:00,10/10/2022 14:00,65,0.2513,700,2.7064,142.4000,0.5506,1.0478,3.9958,2.777863911
231,10/10/2022 15:00,10/10/2022 15:00,65,0.2513,700,2.7064,142.4000,0.5506,1.0478,3.9958,2.777863911
232,10/10/2022 16:00,10/10/2022 16:00,65,0.2513,700,2.7064,142.4000,0.5506,1.0478,3.9958,2.777863911
233,10/10/2022 17:00,10/10/2022 17:00,65,0.2513,700,2.7064,142.4000,0.5506,1.0478,3.9958,2.777863911
234,10/10/2022 18:00,10/10/2022 18:00,65,0.2513,700,2.7064,142.4000,0.5506,1.0478,3.9958,2.777863911
235,10/10/2022 19:00,10/10/2022 19:00,65,0.2513,700,2.7064,142.4000,0.5506,1.0478,3.9958,2.777863911
236,10/10/2022 20:00,10/10/2022 20:00,0,0.0000,0,0.0000,77.4000,0.2992,0.1300,0.4958,1.761686733
237,10/10/2022 21:00,10/10/2022 21:00,0,0.0000,0,0.0000,77.4000,0.2992,0.1300,0.4958,1.761686733
238,10/10/2022 22:00,10/10/2022 22:00,0,0.0000,0,0.0000,77.4000,0.2992,0.1300,0.4958,1.761686733
239,10/10/2022 23:00,10/10/2022 23:00,0,0.0000,0,0.0000,77.4000,0.2992,0.1300,0.4958,1.761686733
240,10/11/2022 0:00,10/11/2022 0:00,0,0.0000,0,0.0000,77.4000,0.2992,0.1300,0.4958,1.761686733
241,10/11/2022 1:00,10/11/2022 1:00,0,0.0000,0,0.0000,77.4000,0.2992,0.1300,0.4958,1.761686733
242,10/11/2022 2:00,10/11/2022 2:00,0,0.0000,0,0.0000,77.4000,0.2992,0.1300,0.4958,1.761686733
243,10/11/2022 3:00,10/11/2022 3:00,0,0.0000,0,0.0000,77.4000,0.2992,0.1300,0.4958,1.761686733
244,10/11/2022 4:00,10/11/2022 4:00,0,0.0000,0,0.0000,77.4000,0.2992,0.1300,0.4958,1.761686733
245,10/11/2022 5:00,10/11/2022 5:00,0,0.0000,0,0.0000,77.4000,0.2992,0.1300,0.4958,1.761686733
246,10/11/2022 6:00,10/11/2022 6:00,65,0.2513,700,2.7064,142.4000,0.5506,1.0478,3.9958,2.777863911
247,10/11/2022 7:00,10/11/2022 7:00,65,0.2513,700,2.7064,142.4000,0.5506,1.0478,3.9958,2.777863911
248,10/11/2022 8:00,10/11/2022 8:00,65,0.2513,700,2.7064,142.4000,0.5506,1.0478,3.9958,2.777863911
249,10/11/2022 9:00,10/11/2022 9:00,65,0.2513,700,2.7064,142.4000,0.5506,1.0478,3.9958,2.777863911
250,10/11/2022 10:00,10/11/2022 10:00,65,0.2513,700,2.7064,142.4000,0.5506,1.0478,3.9958,2.777863911
251,10/11/2022 11:00,10/11/2022 11:00,65,0.2513,700,2.7064,142.4000,0.5506,1.0478,3.9958,2.777863911
252,10/11/2022 12:00,10/11/2022 12:00,65,0.2513,700,2.7064,142.4000,0.5506,1.0478,3.9958,2.777863911
253,10/11/2022 13:00,10/11/2022 13:00,65,0.2513,700,2.7064,142.4000,0.5506,1.0478,3.9958,2.777863911
254,10/11/2022 14:00,10/11/2022 14:00,65,0.2513,700,2.7064,142.4000,0.5506,1.0478,3.9958,2.777863911
255,10/11/2022 15:00,10/11/2022 15:00,65,0.2513,700,2.7064,142.4000,0.5506,1.0478,3.9958,2.777863911
256,10/11/2022 16:00,10/11/2022 16:00,65,0.2513,700,2.7064,142.4000,0.5506,1.0478,3.9958,2.777863911
257,10/11/2022 17:00,10/11/2022 17:00,65,0.2513,700,2.7064,142.4000,0.5506,1.0478,3.9958,2.777863911
258,10/11/2022 18:00,10/11/2022 18:00,65,0.2513,700,2.7064,142.4000,0.5506,1.0478,3.9958,2.777863911
259,10/11/2022 19:00,10/11/2022 19:00,65,0.2513,700,2.7064,142.4000,0.5506,1.0478,3.9958,2.777863911
260,10/11/2022 20:00,10/11/2022 20:00,0,0.0000,0,0.0000,77.4000,0.2992,0.1300,0.4958,1.761686733
261,10/11/2022 21:00,10/11/2022 21:00,0,0.0000,0,0.0000,77.4000,0.2992,0.1300,0.4958,1.761686733
262,10/11/2022 22:00,10/11/2022 22:00,0,0.0000,0,0.0000,77.4000,0.2992,0.1300,0.4958,1.761686733
263,10/11/2022 23:00,10/11/2022 23:00,0,0.0000,0,0.0000,77.4000,0.2992,0.1300,0.4958,1.761686733
264,10/12/2022 0:00,10/12/2022 0:00,0,0.0000,0,0.0000,77.4000,0.2992,0.1300,0.4958,1.761686733
265,10/12/2022 1:00,10/12/2022 1:00,0,0.0000,0,0.0000,77.4000,0.2992,0.1300,0.4958,1.761686733
266,10/12/2022 2:00,10/12/2022 2:00,0,0.0000,0,0.0000,77.4000,0.2992,0.1300,0.4958,1.761686733
267,10/12/2022 3:00,10/12/2022 3:00,0,0.0000,0,0.0000,77.4000,0.2992,0.1300,0.4958,1.761686733
268,10/12/2022 4:00,10/12/2022 4:00,0,0.0000,0,0.0000,77.4000,0.2992,0.1300,0.4958,1.761686733
269,10/12/2022 5:00,10/12/2022 5:00,0,0.0000,0,0.0000,77.4000,0.2992,0.1300,0.4958,1.761686733
270,10/12/2022 6:00,10/12/2022 6:00,65,0.2513,700,2.7064,142.4000,0.5506,1.0478,3.9958,2.777863911
271,10/12/2022 7:00,10/12/2022 7:00,65,0.2513,700,2.7064,142.4000,0.5506,1.0478,3.9958,2.777863911
272,10/12/2022 8:00,10/12/2022 8:00,65,0.2513,700,2.7064,142.4000,0.5506,1.0478,3.9958,2.777863911
273,10/12/2022 9:00,10/12/2022 9:00,65,0.2513,700,2.7064,142.4000,0.5506,1.0478,3.9958,2.777863911
274,10/12/2022 10:00,10/12/2022 10:00,65,0.2513,700,2.7064,142.4000,0.5506,1.0478,3.9958,2.777863911
275,10/12/2022 11:00,10/12/2022 11:00,65,0.2513,700,2.7064,142.4000,0.5506,1.0478,3.9958,2.777863911
276,10/12/2022 12:00,10/12/2022 12:00,65,0.2513,700,2.7064,142.4000,0.5506,1.0478,3.9958,2.777863911
277,10/12/2022 13:00,10/12/2022 13:00,65,0.2513,700,2.7064,142.4000,0.5506,1.0478,3.9958,2.777863911
278,10/12/2022 14:00,10/12/2022 14:00,65,0.2513,700,2.7064,142.4000,0.5506,1.0478,3.9958,2.777863911
279,10/12/2022 15:00,10/12/2022 15:00,65,0.2513,700,2.7064,142.4000,0.5506,1.0478,3.9958,2.777863911
280,10/12/2022 16:00,10/12/2022 16:00,65,0.2513,700,2.7064,142.4000,0.5506,1.0478,3.9958,2.777863911
281,10/12/2022 17:00,10/12/2022 17:00,65,0.2513,700,2.7064,142.4000,0.5506,1.0478,3.9958,2.777863911
282,10/12/2022 18:00,10/12/2022 18:00,65,0.2513,700,2.7064,142.4000,0.5506,1.0478,3.9958,2.777863911
283,10/12/2022 19:00,10/12/2022 19:00,65,0.2513,700,2.7064,142.4000,0.5506,1.0478,3.9958,2.777863911
284,10/12/2022 20:00,10/12/2022 20:00,0,0.0000,0,0.0000,77.4000,0.2992,0.1300,0.4958,1.761686733
285,10/12/2022 21:00,10/12/2022 21:00,0,0.0000,0,0.0000,77.4000,0.2992,0.1300,0.4958,1.761686733
286,10/12/2022 22:00,10/12/2022 22:00,0,0.0000,0,0.0000,77.4000,0.2992,0.1300,0.4958,1.761686733
287,10/12/2022 23:00,10/12/2022 23:00,0,0.0000,0,0.0000,77.4000,0.2992,0.1300,0.4958,1.761686733
288,10/13/2022 0:00,10/13/2022 0:00,0,0.0000,0,0.0000,77.4000,0.2992,0.1300,0.4958,1.761686733
289,10/13/2022 1:00,10/13/2022 1:00,0,0.0000,0,0.0000,77.4000,0.2992,0.1300,0.4958,1.761686733
290,10/13/2022 2:00,10/13/2022 2:00,0,0.0000,0,0.0000,77.4000,0.2992,0.1300,0.4958,1.761686733
291,10/13/2022 3:00,10/13/2022 3:00,0,0.0000,0,0.0000,77.4000,0.2992,0.1300,0.4958,1.761686733
292,10/13/2022 4:00,10/13/2022 4:00,0,0.0000,0,0.0000,77.4000,0.2992,0.1300,0.4958,1.761686733
293,10/13/2022 5:00,10/13/2022 5:00,0,0.0000,0,0.0000,77.4000,0.2992,0.1300,0.4958,1.761686733
294,10/13/2022 6:00,10/13/2022 6:00,65,0.2513,700,2.7064,142.4000,0.5506,1.0478,3.9958,2.777863911
295,10/13/2022 7:00,10/13/2022 7:00,65,0.2513,700,2.7064,142.4000,0.5506,1.0478,3.9958,2.777863911
296,10/13/2022 8:00,10/13/2022 8:00,65,0.2513,700,2.7064,142.4000,0.5506,1.0478,3.9958,2.777863911
297,10/13/2022 9:00,10/13/2022 9:00,65,0.2513,700,2.7064,142.4000,0.5506,1.0478,3.9958,2.777863911
298,10/13/2022 10:00,10/13/2022 10:00,65,0.2513,700,2.7064,142.4000,0.5506,1.0478,3.9958,2.777863911
299,10/13/2022 11:00,10/13/2022 11:00,65,0.2513,700,2.7064,142.4000,0.5506,1.0478,3.9958,2.777863911
300,10/13/2022 12:00,10/13/2022 12:00,65,0.2513,700,2.7064,142.4000,0.5506,1.0478,3.9958,2.777863911
301,10/13/2022 13:00,10/13/2022 13:00,65,0.2513,700,2.7064,142.4000,0.5506,1.0478,3.9958,2.777863911
302,10/13/2022 14:00,10/13/2022 14:00,65,0.2513,700,2.7064,142.4000,0.5506,1.0478,3.9958,2.777863911
303,10/13/2022 15:00,10/13/2022 15:00,65,0.2513,700,2.7064,142.4000,0.5506,1.0478,3.9958,2.777863911
304,10/13/2022 16:00,10/13/2022 16:00,65,0.2513,700,2.7064,142.4000,0.5506,1.0478,3.9958,2.777863911
305,10/13/2022 17:00,10/13/2022 17:00,65,0.2513,700,2.7064,142.4000,0.5506,1.0478,3.9958,2.777863911
306,10/13/2022 18:00,10/13/2022 18:00,65,0.2513,700,2.7064,142.4000,0.5506,1.0478,3.9958,2.777863911
307,10/13/2022 19:00,10/13/2022 19:00,65,0.2513,700,2.7064,142.4000,0.5506,1.0478,3.9958,2.777863911
308,10/13/2022 20:00,10/13/2022 20:00,0,0.0000,0,0.0000,77.4000,0.2992,0.1300,0.4958,1.761686733
309,10/13/2022 21:00,10/13/2022 21:00,0,0.0000,0,0.0000,77.4000,0.2992,0.1300,0.4958,1.761686733
310,10/13/2022 22:00,10/13/2022 22:00,0,0.0000,0,0.0000,77.4000,0.2992,0.1300,0.4958,1.761686733
311,10/13/2022 23:00,10/13/2022 23:00,0,0.0000,0,0.0000,77.4000,0.2992,0.1300,0.4958,1.761686733
312,10/14/2022 0:00,10/14/2022 0:00,0,0.0000,0,0.0000,77.4000,0.2992,0.1300,0.4958,1.761686733
313,10/14/2022 1:00,10/14/2022 1:00,0,0.0000,0,0.0000,77.4000,0.2992,0.1300,0.4958,1.761686733
314,10/14/2022 2:00,10/14/2022 2:00,0,0.0000,0,0.0000,77.4000,0.2992,0.1300,0.4958,1.761686733
315,10/14/2022 3:00,10/14/2022 3:00,0,0.0000,0,0.0000,77.4000,0.2992,0.1300,0.4958,1.761686733
316,10/14/2022 4:00,10/14/2022 4:00,0,0.0000,0,0.0000,77.4000,0.2992,0.1300,0.4958,1.761686733
317,10/14/2022 5:00,10/14/2022 5:00,0,0.0000,0,0.0000,77.4000,0.2992,0.1300,0.4958,1.761686733
318,10/14/2022 6:00,10/14/2022 6:00,65,0.2513,700,2.7064,142.4000,0.5506,1.0478,3.9958,2.777863911
319,10/14/2022 7:00,10/14/2022 7:00,65,0.2513,700,2.7064,142.4000,0.5506,1.0478,3.9958,2.777863911
320,10/14/2022 8:00,10/14/2022 8:00,65,0.2513,700,2.7064,142.4000,0.5506,1.0478,3.9958,2.777863911
321,10/14/2022 9:00,10/14/2022 9:00,65,0.2513,700,2.7064,142.4000,0.5506,1.0478,3.9958,2.777863911
322,10/14/2022 10:00,10/14/2022 10:00,65,0.2513,700,2.7064,142.4000,0.5506,1.0478,3.9958,2.777863911
323,10/14/2022 11:00,10/14/2022 11:00,65,0.2513,700,2.7064,142.4000,0.5506,1.0478,3.9958,2.777863911
324,10/14/2022 12:00,10/14/2022 12:00,65,0.2513,700,2.7064,142.4000,0.5506,1.0478,3.9958,2.777863911
325,10/14/2022 13:00,10/14/2022 13:00,65,0.2513,700,2.7064,142.4000,0.5506,1.0478,3.9958,2.777863911
326,10/14/2022 14:00,10/14/2022 14:00,65,0.2513,700,2.7064,142.4000,0.5506,1.0478,3.9958,2.777863911
327,10/14/2022 15:00,10/14/2022 15:00,65,0.2513,700,2.7064,142.4000,0.5506,1.0478,3.9958,2.777863911
328,10/14/2022 16:00,10/14/2022 16:00,65,0.2513,700,2.7064,142.4000,0.5506,1.0478,3.9958,2.777863911
329,10/14/2022 17:00,10/14/2022 17:00,65,0.2513,700,2.7064,142.4000,0.5506,1.0478,3.9958,2.777863911
330,10/14/2022 18:00,10/14/2022 18:00,65,0.2513,700,2.7064,142.4000,0.5506,1.0478,3.9958,2.777863911
331,10/14/2022 19:00,10/14/2022 19:00,65,0.2513,700,2.7064,142.4000,0.5506,1.0478,3.9958,2.777863911
332,10/14/2022 20:00,10/14/2022 20:00,65,0.2513,700,2.7064,142.4000,0.5506,1.0478,3.9958,2.777863911
333,10/14/2022 21:00,10/14/2022 21:00,65,0.2513,700,2.7064,142.4000,0.5506,1.0478,3.9958,2.777863911
334,10/14/2022 22:00,10/14/2022 22:00,65,0.2513,700,2.7064,142.4000,0.5506,1.0478,3.9958,2.777863911
335,10/14/2022 23:00,10/14/2022 23:00,65,0.2513,700,2.7064,142.4000,0.5506,1.0478,3.9958,2.777863911
336,10/15/2022 0:00,10/15/2022 0:00,0,0.0000,0,0.0000,77.4000,0.2992,0.1300,0.4958,1.761686733
337,10/15/2022 1:00,10/15/2022 1:00,0,0.0000,0,0.0000,77.4000,0.2992,0.1300,0.4958,1.761686733
338,10/15/2022 2:00,10/15/2022 2:00,0,0.0000,0,0.0000,77.4000,0.2992,0.1300,0.4958,1.761686733
339,10/15/2022 3:00,10/15/2022 3:00,0,0.0000,0,0.0000,77.4000,0.2992,0.1300,0.4958,1.761686733
340,10/15/2022 4:00,10/15/2022 4:00,0,0.0000,0,0.0000,77.4000,0.2992,0.1300,0.4958,1.761686733
341,10/15/2022 5:00,10/15/2022 5:00,0,0.0000,0,0.0000,77.4000,0.2992,0.1300,0.4958,1.761686733
342,10/15/2022 6:00,10/15/2022 6:00,65,0.2513,700,2.7064,142.4000,0.5506,1.0478,3.9958,2.777863911
343,10/15/2022 7:00,10/15/2022 7:00,65,0.2513,700,2.7064,142.4000,0.5506,1.0478,3.9958,2.777863911
344,10/15/2022 8:00,10/15/2022 8:00,65,0.2513,700,2.7064,142.4000,0.5506,1.0478,3.9958,2.777863911
345,10/15/2022 9:00,10/15/2022 9:00,65,0.2513,700,2.7064,142.4000,0.5506,1.0478,3.9958,2.777863911
346,10/15/2022 10:00,10/15/2022 10:00,65,0.2513,700,2.7064,142.4000,0.5506,1.0478,3.9958,2.777863911
347,10/15/2022 11:00,10/15/2022 11:00,65,0.2513,700,2.7064,142.4000,0.5506,1.0478,3.9958,2.777863911
348,10/15/2022 12:00,10/15/2022 12:00,65,0.2513,700,2.7064,142.4000,0.5506,1.0478,3.9958,2.777863911
349,10/15/2022 13:00,10/15/2022 13:00,65,0.2513,700,2.7064,142.4000,0.5506,1.0478,3.9958,2.777863911
350,10/15/2022 14:00,10/15/2022 14:00,65,0.2513,700,2.7064,142.4000,0.5506,1.0478,3.9958,2.777863911
351,10/15/2022 15:00,10/15/2022 15:00,65,0.2513,700,2.7064,142.4000,0.5506,1.0478,3.9958,2.777863911
352,10/15/2022 16:00,10/15/2022 16:00,65,0.2513,700,2.7064,142.4000,0.5506,1.0478,3.9958,2.777863911
353,10/15/2022 17:00,10/15/2022 17:00,65,0.2513,700,2.7064,142.4000,0.5506,1.0478,3.9958,2.777863911
354,10/15/2022 18:00,10/15/2022 18:00,65,0.2513,700,2.7064,142.4000,0.5506,1.0478,3.9958,2.777863911
355,10/15/2022 19:00,10/15/2022 19:00,65,0.2513,700,2.7064,142.4000,0.5506,1.0478,3.9958,2.777863911
356,10/15/2022 20:00,10/15/2022 20:00,65,0.2513,700,2.7064,142.4000,0.5506,1.0478,3.9958,2.777863911
357,10/15/2022 21:00,10/15/2022 21:00,65,0.2513,700,2.7064,142.4000,0.5506,1.0478,3.9958,2.777863911
358,10/15/2022 22:00,10/15/2022 22:00,65,0.2513,700,2.7064,142.4000,0.5506,1.0478,3.9958,2.777863911
359,10/15/2022 23:00,10/15/2022 23:00,65,0.2513,700,2.7064,142.4000,0.5506,1.0478,3.9958,2.777863911
360,10/16/2022 0:00,10/16/2022 0:00,0,0.0000,0,0.0000,77.4000,0.2992,0.1300,0.4958,1.761686733
361,10/16/2022 1:00,10/16/2022 1:00,0,0.0000,0,0.0000,77.4000,0.2992,0.1300,0.4958,1.761686733
362,10/16/2022 2:00,10/16/2022 2:00,0,0.0000,0,0.0000,77.4000,0.2992,0.1300,0.4958,1.761686733
363,10/16/2022 3:00,10/16/2022 3:00,0,0.0000,0,0.0000,77.4000,0.2992,0.1300,0.4958,1.761686733
364,10/16/2022 4:00,10/16/2022 4:00,0,0.0000,0,0.0000,77.4000,0.2992,0.1300,0.4958,1.761686733
365,10/16/2022 5:00,10/16/2022 5:00,0,0.0000,0,0.0000,77.4000,0.2992,0.1300,0.4958,1.761686733
366,10/16/2022 6:00,10/16/2022 6:00,0,0.0000,0,0.0000,77.4000,0.2992,0.1300,0.4958,1.761686733
367,10/16/2022 7:00,10/16/2022 7:00,65,0.2513,700,2.7064,142.4000,0.5506,1.0478,3.9958,2.777863911
368,10/16/2022 8:00,10/16/2022 8:00,65,0.2513,700,2.7064,142.4000,0.5506,1.0478,3.9958,2.777863911
369,10/16/2022 9:00,10/16/2022 9:00,65,0.2513,700,2.7064,142.4000,0.5506,1.0478,3.9958,2.777863911
370,10/16/2022 10:00,10/16/2022 10:00,65,0.2513,700,2.7064,142.4000,0.5506,1.0478,3.9958,2.777863911
371,10/16/2022 11:00,10/16/2022 11:00,65,0.2513,700,2.7064,142.4000,0.5506,1.0478,3.9958,2.777863911
372,10/16/2022 12:00,10/16/2022 12:00,65,0.2513,700,2.7064,142.4000,0.5506,1.0478,3.9958,2.777863911
373,10/16/2022 13:00,10/16/2022 13:00,65,0.2513,700,2.7064,142.4000,0.5506,1.0478,3.9958,2.777863911
374,10/16/2022 14:00,10/16/2022 14:00,65,0.2513,700,2.7064,142.4000,0.5506,1.0478,3.9958,2.777863911
375,10/16/2022 15:00,10/16/2022 15:00,65,0.2513,700,2.7064,142.4000,0.5506,1.0478,3.9958,2.777863911
376,10/16/2022 16:00,10/16/2022 16:00,65,0.2513,700,2.7064,142.4000,0.5506,1.0478,3.9958,2.777863911
377,10/16/2022 17:00,10/16/2022 17:00,65,0.2513,700,2.7064,142.4000,0.5506,1.0478,3.9958,2.777863911
378,10/16/2022 18:00,10/16/2022 18:00,65,0.2513,700,2.7064,142.4000,0.5506,1.0478,3.9958,2.777863911
379,10/16/2022 19:00,10/16/2022 19:00,65,0.2513,700,2.7064,142.4000,0.5506,1.0478,3.9958,2.777863911
380,10/16/2022 20:00,10/16/2022 20:00,65,0.2513,700,2.7064,142.4000,0.5506,1.0478,3.9958,2.777863911
381,10/16/2022 21:00,10/16/2022 21:00,65,0.2513,700,2.7064,142.4000,0.5506,1.0478,3.9958,2.777863911
382,10/16/2022 22:00,10/16/2022 22:00,65,0.2513,700,2.7064,142.4000,0.5506,1.0478,3.9958,2.777863911
383,10/16/2022 23:00,10/16/2022 23:00,65,0.2513,700,2.7064,142.4000,0.5506,1.0478,3.9958,2.777863911
384,10/17/2022 0:00,10/17/2022 0:00,0,0.0000,0,0.0000,77.4000,0.2992,0.1300,0.4958,1.761686733
385,10/17/2022 1:00,10/17/2022 1:00,0,0.0000,0,0.0000,77.4000,0.2992,0.1300,0.4958,1.761686733
386,10/17/2022 2:00,10/17/2022 2:00,0,0.0000,0,0.0000,77.4000,0.2992,0.1300,0.4958,1.761686733
387,10/17/2022 3:00,10/17/2022 3:00,0,0.0000,0,0.0000,77.4000,0.2992,0.1300,0.4958,1.761686733
388,10/17/2022 4:00,10/17/2022 4:00,0,0.0000,0,0.0000,77.4000,0.2992,0.1300,0.4958,1.761686733
389,10/17/2022 5:00,10/17/2022 5:00,0,0.0000,0,0.0000,77.4000,0.2992,0.1300,0.4958,1.761686733
390,10/17/2022 6:00,10/17/2022 6:00,65,0.2513,700,2.7064,142.4000,0.5506,1.0478,3.9958,2.777863911
391,10/17/2022 7:00,10/17/2022 7:00,65,0.2513,700,2.7064,142.4000,0.5506,1.0478,3.9958,2.777863911
392,10/17/2022 8:00,10/17/2022 8:00,65,0.2513,700,2.7064,142.4000,0.5506,1.0478,3.9958,2.777863911
393,10/17/2022 9:00,10/17/2022 9:00,65,0.2513,700,2.7064,142.4000,0.5506,1.0478,3.9958,2.777863911
394,10/17/2022 10:00,10/17/2022 10:00,65,0.2513,700,2.7064,142.4000,0.5506,1.0478,3.9958,2.777863911
395,10/17/2022 11:00,10/17/2022 11:00,65,0.2513,700,2.7064,142.4000,0.5506,1.0478,3.9958,2.777863911
396,10/17/2022 12:00,10/17/2022 12:00,65,0.2513,700,2.7064,142.4000,0.5506,1.0478,3.9958,2.777863911
397,10/17/2022 13:00,10/17/2022 13:00,65,0.2513,700,2.7064,142.4000,0.5506,1.0478,3.9958,2.777863911
398,10/17/2022 14:00,10/17/2022 14:00,65,0.2513,700,2.7064,142.4000,0.5506,1.0478,3.9958,2.777863911
399,10/17/2022 15:00,10/17/2022 15:00,65,0.2513,700,2.7064,142.4000,0.5506,1.0478,3.9958,2.777863911
400,10/17/2022 16:00,10/17/2022 16:00,65,0.2513,700,2.7064,142.4000,0.5506,1.0478,3.9958,2.777863911
401,10/17/2022 17:00,10/17/2022 17:00,65,0.2513,700,2.7064,142.4000,0.5506,1.0478,3.9958,2.777863911
402,10/17/2022 18:00,10/17/2022 18:00,65,0.2513,700,2.7064,142.4000,0.5506,1.0478,3.9958,2.777863911
403,10/17/2022 19:00,10/17/2022 19:00,65,0.2513,700,2.7064,142.4000,0.5506,1.0478,3.9958,2.777863911
404,10/17/2022 20:00,10/17/2022 20:00,0,0.0000,0,0.0000,77.4000,0.2992,0.1300,0.4958,1.761686733
405,10/17/2022 21:00,10/17/2022 21:00,0,0.0000,0,0.0000,77.4000,0.2992,0.1300,0.4958,1.761686733
406,10/17/2022 22:00,10/17/2022 22:00,0,0.0000,0,0.0000,77.4000,0.2992,0.1300,0.4958,1.761686733
407,10/17/2022 23:00,10/17/2022 23:00,0,0.0000,0,0.0000,77.4000,0.2992,0.1300,0.4958,1.761686733
408,10/18/2022 0:00,10/18/2022 0:00,0,0.0000,0,0.0000,77.4000,0.2992,0.1300,0.4958,1.761686733
409,10/18/2022 1:00,10/18/2022 1:00,0,0.0000,0,0.0000,77.4000,0.2992,0.1300,0.4958,1.761686733
410,10/18/2022 2:00,10/18/2022 2:00,0,0.0000,0,0.0000,77.4000,0.2992,0.1300,0.4958,1.761686733
411,10/18/2022 3:00,10/18/2022 3:00,0,0.0000,0,0.0000,77.4000,0.2992,0.1300,0.4958,1.761686733
412,10/18/2022 4:00,10/18/2022 4:00,0,0.0000,0,0.0000,77.4000,0.2992,0.1300,0.4958,1.761686733
413,10/18/2022 5:00,10/18/2022 5:00,0,0.0000,0,0.0000,77.4000,0.2992,0.1300,0.4958,1.761686733
414,10/18/2022 6:00,10/18/2022 6:00,65,0.2513,700,2.7064,142.4000,0.5506,1.0478,3.9958,2.777863911
415,10/18/2022 7:00,10/18/2022 7:00,65,0.2513,700,2.7064,142.4000,0.5506,1.0478,3.9958,2.777863911
416,10/18/2022 8:00,10/18/2022 8:00,65,0.2513,700,2.7064,142.4000,0.5506,1.0478,3.9958,2.777863911
417,10/18/2022 9:00,10/18/2022 9:00,65,0.2513,700,2.7064,142.4000,0.5506,1.0478,3.9958,2.777863911
418,10/18/2022 10:00,10/18/2022 10:00,65,0.2513,700,2.7064,142.4000,0.5506,1.0478,3.9958,2.777863911
419,10/18/2022 11:00,10/18/2022 11:00,65,0.2513,700,2.7064,142.4000,0.5506,1.0478,3.9958,2.777863911
420,10/18/2022 12:00,10/18/2022 12:00,65,0.2513,700,2.7064,142.4000,0.5506,1.0478,3.9958,2.777863911
421,10/18/2022 13:00,10/18/2022 13:00,65,0.2513,700,2.7064,142.4000,0.5506,1.0478,3.9958,2.777863911
422,10/18/2022 14:00,10/18/2022 14:00,65,0.2513,700,2.7064,142.4000,0.5506,1.0478,3.9958,2.777863911
423,10/18/2022 15:00,10/18/2022 15:00,65,0.2513,700,2.7064,142.4000,0.5506,1.0478,3.9958,2.777863911
424,10/18/2022 16:00,10/18/2022 16:00,65,0.2513,700,2.7064,142.4000,0.5506,1.0478,3.9958,2.777863911
425,10/18/2022 17:00,10/18/2022 17:00,65,0.2513,700,2.7064,142.4000,0.5506,1.0478,3.9958,2.777863911
426,10/18/2022 18:00,10/18/2022 18:00,65,0.2513,700,2.7064,142.4000,0.5506,1.0478,3.9958,2.777863911
427,10/18/2022 19:00,10/18/2022 19:00,65,0.2513,700,2.7064,142.4000,0.5506,1.0478,3.9958,2.777863911
428,10/18/2022 20:00,10/18/2022 20:00,0,0.0000,0,0.0000,77.4000,0.2992,0.1300,0.4958,1.761686733
429,10/18/2022 21:00,10/18/2022 21:00,0,0.0000,0,0.0000,77.4000,0.2992,0.1300,0.4958,1.761686733
430,10/18/2022 22:00,10/18/2022 22:00,0,0.0000,0,0.0000,77.4000,0.2992,0.1300,0.4958,1.761686733
431,10/18/2022 23:00,10/18/2022 23:00,0,0.0000,0,0.0000,77.4000,0.2992,0.1300,0.4958,1.761686733
432,10/19/2022 0:00,10/19/2022 0:00,0,0.0000,0,0.0000,77.4000,0.2992,0.1300,0.4958,1.761686733
433,10/19/2022 1:00,10/19/2022 1:00,0,0.0000,0,0.0000,77.4000,0.2992,0.1300,0.4958,1.761686733
434,10/19/2022 2:00,10/19/2022 2:00,0,0.0000,0,0.0000,77.4000,0.2992,0.1300,0.4958,1.761686733
435,10/19/2022 3:00,10/19/2022 3:00,0,0.0000,0,0.0000,77.4000,0.2992,0.1300,0.4958,1.761686733
436,10/19/2022 4:00,10/19/2022 4:00,0,0.0000,0,0.0000,77.4000,0.2992,0.1300,0.4958,1.761686733
437,10/19/2022 5:00,10/19/2022 5:00,0,0.0000,0,0.0000,77.4000,0.2992,0.1300,0.4958,1.761686733
438,10/19/2022 6:00,10/19/2022 6:00,65,0.2513,700,2.7064,142.4000,0.5506,1.0478,3.9958,2.777863911
439,10/19/2022 7:00,10/19/2022 7:00,65,0.2513,700,2.7064,142.4000,0.5506,1.0478,3.9958,2.777863911
440,10/19/2022 8:00,10/19/2022 8:00,65,0.2513,700,2.7064,142.4000,0.5506,1.0478,3.9958,2.777863911
441,10/19/2022 9:00,10/19/2022 9:00,65,0.2513,700,2.7064,142.4000,0.5506,1.0478,3.9958,2.777863911
442,10/19/2022 10:00,10/19/2022 10:00,65,0.2513,700,2.7064,142.4000,0.5506,1.0478,3.9958,2.777863911
443,10/19/2022 11:00,10/19/2022 11:00,65,0.2513,700,2.7064,142.4000,0.5506,1.0478,3.9958,2.777863911
444,10/19/2022 12:00,10/19/2022 12:00,65,0.2513,700,2.7064,142.4000,0.5506,1.0478,3.9958,2.777863911
445,10/19/2022 13:00,10/19/2022 13:00,65,0.2513,700,2.7064,142.4000,0.5506,1.0478,3.9958,2.777863911
446,10/19/2022 14:00,10/19/2022 14:00,65,0.2513,700,2.7064,142.4000,0.5506,1.0478,3.9958,2.777863911
447,10/19/2022 15:00,10/19/2022 15:00,65,0.2513,700,2.7064,142.4000,0.5506,1.0478,3.9958,2.777863911
448,10/19/2022 16:00,10/19/2022 16:00,65,0.2513,700,2.7064,142.4000,0.5506,1.0478,3.9958,2.777863911
449,10/19/2022 17:00,10/19/2022 17:00,65,0.2513,700,2.7064,142.4000,0.5506,1.0478,3.9958,2.777863911
450,10/19/2022 18:00,10/19/2022 18:00,65,0.2513,700,2.7064,142.4000,0.5506,1.0478,3.9958,2.777863911
451,10/19/2022 19:00,10/19/2022 19:00,65,0.2513,700,2.7064,142.4000,0.5506,1.0478,3.9958,2.777863911
452,10/19/2022 20:00,10/19/2022 20:00,0,0.0000,0,0.0000,77.4000,0.2992,0.1300,0.4958,1.761686733
453,10/19/2022 21:00,10/19/2022 21:00,0,0.0000,0,0.0000,77.4000,0.2992,0.1300,0.4958,1.761686733
454,10/19/2022 22:00,10/19/2022 22:00,0,0.0000,0,0.0000,77.4000,0.2992,0.1300,0.4958,1.761686733
455,10/19/2022 23:00,10/19/2022 23:00,0,0.0000,0,0.0000,77.4000,0.2992,0.1300,0.4958,1.761686733
456,10/20/2022 0:00,10/20/2022 0:00,0,0.0000,0,0.0000,77.4000,0.2992,0.1300,0.4958,1.761686733
457,10/20/2022 1:00,10/20/2022 1:00,0,0.0000,0,0.0000,77.4000,0.2992,0.1300,0.4958,1.761686733
458,10/20/2022 2:00,10/20/2022 2:00,0,0.0000,0,0.0000,77.4000,0.2992,0.1300,0.4958,1.761686733
459,10/20/2022 3:00,10/20/2022 3:00,0,0.0000,0,0.0000,77.4000,0.2992,0.1300,0.4958,1.761686733
460,10/20/2022 4:00,10/20/2022 4:00,0,0.0000,0,0.0000,77.4000,0.2992,0.1300,0.4958,1.761686733
461,10/20/2022 5:00,10/20/2022 5:00,0,0.0000,0,0.0000,77.4000,0.2992,0.1300,0.4958,1.761686733
462,10/20/2022 6:00,10/20/2022 6:00,65,0.2513,700,2.7064,142.4000,0.5506,1.0478,3.9958,2.777863911
463,10/20/2022 7:00,10/20/2022 7:00,65,0.2513,700,2.7064,142.4000,0.5506,1.0478,3.9958,2.777863911
464,10/20/2022 8:00,10/20/2022 8:00,65,0.2513,700,2.7064,142.4000,0.5506,1.0478,3.9958,2.777863911
465,10/20/2022 9:00,10/20/2022 9:00,65,0.2513,700,2.7064,142.4000,0.5506,1.0478,3.9958,2.777863911
466,10/20/2022 10:00,10/20/2022 10:00,65,0.2513,700,2.7064,142.4000,0.5506,1.0478,3.9958,2.777863911
467,10/20/2022 11:00,10/20/2022 11:00,65,0.2513,700,2.7064,142.4000,0.5506,1.0478,3.9958,2.777863911
468,10/20/2022 12:00,10/20/2022 12:00,65,0.2513,700,2.7064,142.4000,0.5506,1.0478,3.9958,2.777863911
469,10/20/2022 13:00,10/20/2022 13:00,65,0.2513,700,2.7064,142.4000,0.5506,1.0478,3.9958,2.777863911
470,10/20/2022 14:00,10/20/2022 14:00,65,0.2513,700,2.7064,142.4000,0.5506,1.0478,3.9958,2.777863911
471,10/20/2022 15:00,10/20/2022 15:00,65,0.2513,700,2.7064,142.4000,0.5506,1.0478,3.9958,2.777863911
472,10/20/2022 16:00,10/20/2022 16:00,65,0.2513,700,2.7064,142.4000,0.5506,1.0478,3.9958,2.777863911
473,10/20/2022 17:00,10/20/2022 17:00,65,0.2513,700,2.7064,142.4000,0.5506,1.0478,3.9958,2.777863911
474,10/20/2022 18:00,10/20/2022 18:00,65,0.2513,700,2.7064,142.4000,0.5506,1.0478,3.9958,2.777863911
475,10/20/2022 19:00,10/20/2022 19:00,65,0.2513,700,2.7064,142.4000,0.5506,1.0478,3.9958,2.777863911
476,10/20/2022 20:00,10/20/2022 20:00,0,0.0000,0,0.0000,77.4000,0.2992,0.1300,0.4958,1.761686733
477,10/20/2022 21:00,10/20/2022 21:00,0,0.0000,0,0.0000,77.4000,0.2992,0.1300,0.4958,1.761686733
478,10/20/2022 22:00,10/20/2022 22:00,0,0.0000,0,0.0000,77.4000,0.2992,0.1300,0.4958,1.761686733
479,10/20/2022 23:00,10/20/2022 23:00,0,0.0000,0,0.0000,77.4000,0.2992,0.1300,0.4958,1.761686733
480,10/21/2022 0:00,10/21/2022 0:00,0,0.0000,0,0.0000,77.4000,0.2992,0.1300,0.4958,1.761686733
481,10/21/2022 1:00,10/21/2022 1:00,0,0.0000,0,0.0000,77.4000,0.2992,0.1300,0.4958,1.761686733
482,10/21/2022 2:00,10/21/2022 2:00,0,0.0000,0,0.0000,77.4000,0.2992,0.1300,0.4958,1.761686733
483,10/21/2022 3:00,10/21/2022 3:00,0,0.0000,0,0.0000,77.4000,0.2992,0.1300,0.4958,1.761686733
484,10/21/2022 4:00,10/21/2022 4:00,0,0.0000,0,0.0000,77.4000,0.2992,0.1300,0.4958,1.761686733
485,10/21/2022 5:00,10/21/2022 5:00,0,0.0000,0,0.0000,77.4000,0.2992,0.1300,0.4958,1.761686733
486,10/21/2022 6:00,10/21/2022 6:00,65,0.2513,700,2.7064,142.4000,0.5506,1.0478,3.9958,2.777863911
487,10/21/2022 7:00,10/21/2022 7:00,65,0.2513,700,2.7064,142.4000,0.5506,1.0478,3.9958,2.777863911
488,10/21/2022 8:00,10/21/2022 8:00,65,0.2513,700,2.7064,142.4000,0.5506,1.0478,3.9958,2.777863911
489,10/21/2022 9:00,10/21/2022 9:00,65,0.2513,700,2.7064,142.4000,0.5506,1.0478,3.9958,2.777863911
490,10/21/2022 10:00,10/21/2022 10:00,65,0.2513,700,2.7064,142.4000,0.5506,1.0478,3.9958,2.777863911
491,10/21/2022 11:00,10/21/2022 11:00,65,0.2513,700,2.7064,142.4000,0.5506,1.0478,3.9958,2.777863911
492,10/21/2022 12:00,10/21/2022 12:00,65,0.2513,700,2.7064,142.4000,0.5506,1.0478,3.9958,2.777863911
493,10/21/2022 13:00,10/21/2022 13:00,65,0.2513,700,2.7064,142.4000,0.5506,1.0478,3.9958,2.777863911
494,10/21/2022 14:00,10/21/2022 14:00,65,0.2513,700,2.7064,142.4000,0.5506,1.0478,3.9958,2.777863911
495,10/21/2022 15:00,10/21/2022 15:00,65,0.2513,700,2.7064,142.4000,0.5506,1.0478,3.9958,2.777863911
496,10/21/2022 16:00,10/21/2022 16:00,65,0.2513,700,2.7064,142.4000,0.5506,1.0478,3.9958,2.777863911
497,10/21/2022 17:00,10/21/2022 17:00,65,0.2513,700,2.7064,142.4000,0.5506,1.0478,3.9958,2.777863911
498,10/21/2022 18:00,10/21/2022 18:00,65,0.2513,700,2.7064,142.4000,0.5506,1.0478,3.9958,2.777863911
499,10/21/2022 19:00,10/21/2022 19:00,65,0.2513,700,2.7064,142.4000,0.5506,1.0478,3.9958,2.777863911
,10/21/2022 20:00,10/21/2022 20:00,65,0.2513,700,2.7064,142.4000,0.5506,1.0478,3.9958,2.777863911
,10/21/2022 21:00,10/21/2022 21:00,65,0.2513,700,2.7064,142.4000,0.5506,1.0478,3.9958,2.777863911
,10/21/2022 22:00,10/21/2022 22:00,65,0.2513,700,2.7064,142.4000,0.5506,1.0478,3.9958,2.777863911
,10/21/2022 23:00,10/21/2022 23:00,65,0.2513,700,2.7064,142.4000,0.5506,1.0478,3.9958,2.777863911
,10/22/2022 0:00,10/22/2022 0:00,0,0.0000,0,0.0000,77.4000,0.2992,0.1300,0.4958,1.761686733
,10/22/2022 1:00,10/22/2022 1:00,0,0.0000,0,0.0000,77.4000,0.2992,0.1300,0.4958,1.761686733
,10/22/2022 2:00,10/22/2022 2:00,0,0.0000,0,0.0000,77.4000,0.2992,0.1300,0.4958,1.761686733
,10/22/2022 3:00,10/22/2022 3:00,0,0.0000,0,0.0000,77.4000,0.2992,0.1300,0.4958,1.761686733
,10/22/2022 4:00,10/22/2022 4:00,0,0.0000,0,0.0000,77.4000,0.2992,0.1300,0.4958,1.761686733
,10/22/2022 5:00,10/22/2022 5:00,0,0.0000,0,0.0000,77.4000,0.2992,0.1300,0.4958,1.761686733
,10/22/2022 6:00,10/22/2022 6:00,65,0.2513,700,2.7064,142.4000,0.5506,1.0478,3.9958,2.777863911
,10/22/2022 7:00,10/22/2022 7:00,65,0.2513,700,2.7064,142.4000,0.5506,1.0478,3.9958,2.777863911
,10/22/2022 8:00,10/22/2022 8:00,65,0.2513,700,2.7064,142.4000,0.5506,1.0478,3.9958,2.777863911
,10/22/2022 9:00,10/22/2022 9:00,65,0.2513,700,2.7064,142.4000,0.5506,1.0478,3.9958,2.777863911
,10/22/2022 10:00,10/22/2022 10:00,65,0.2513,700,2.7064,142.4000,0.5506,1.0478,3.9958,2.777863911
,10/22/2022 11:00,10/22/2022 11:00,65,0.2513,700,2.7064,142.4000,0.5506,1.0478,3.9958,2.777863911
,10/22/2022 12:00,10/22/2022 12:00,65,0.2513,700,2.7064,142.4000,0.5506,1.0478,3.9958,2.777863911
,10/22/2022 13:00,10/22/2022 13:00,65,0.2513,700,2.7064,142.4000,0.5506,1.0478,3.9958,2.777863911
,10/22/2022 14:00,10/22/2022 14:00,65,0.2513,700,2.7064,142.4000,0.5506,1.0478,3.9958,2.777863911
,10/22/2022 15:00,10/22/2022 15:00,65,0.2513,700,2.7064,142.4000,0.5506,1.0478,3.9958,2.777863911
,10/22/2022 16:00,10/22/2022 16:00,65,0.2513,700,2.7064,142.4000,0.5506,1.0478,3.9958,2.777863911
,10/22/2022 17:00,10/22/2022 17:00,65,0.2513,700,2.7064,142.4000,0.5506,1.0478,3.9958,2.777863911
,10/22/2022 18:00,10/22/2022 18:00,65,0.2513,700,2.7064,142.4000,0.5506,1.0478,3.9958,2.777863911
,10/22/2022 19:00,10/22/2022 19:00,65,0.2513,700,2.7064,142.4000,0.5506,1.0478,3.9958,2.777863911
,10/22/2022 20:00,10/22/2022 20:00,65,0.2513,700,2.7064,142.4000,0.5506,1.0478,3.9958,2.777863911
,10/22/2022 21:00,10/22/2022 21:00,65,0.2513,700,2.7064,142.4000,0.5506,1.0478,3.9958,2.777863911
,10/22/2022 22:00,10/22/2022 22:00,65,0.2513,700,2.7064,142.4000,0.5506,1.0478,3.9958,2.777863911
,10/22/2022 23:00,10/22/2022 23:00,65,0.2513,700,2.7064,142.4000,0.5506,1.0478,3.9958,2.777863911
,10/23/2022 0:00,10/23/2022 0:00,0,0.0000,0,0.0000,77.4000,0.2992,0.1300,0.4958,1.761686733
,10/23/2022 1:00,10/23/2022 1:00,0,0.0000,0,0.0000,77.4000,0.2992,0.1300,0.4958,1.761686733
,10/23/2022 2:00,10/23/2022 2:00,0,0.0000,0,0.0000,77.4000,0.2992,0.1300,0.4958,1.761686733
,10/23/2022 3:00,10/23/2022 3:00,0,0.0000,0,0.0000,77.4000,0.2992,0.1300,0.4958,1.761686733
,10/23/2022 4:00,10/23/2022 4:00,0,0.0000,0,0.0000,77.4000,0.2992,0.1300,0.4958,1.761686733
,10/23/2022 5:00,10/23/2022 5:00,0,0.0000,0,0.0000,77.4000,0.2992,0.1300,0.4958,1.761686733
,10/23/2022 6:00,10/23/2022 6:00,0,0.0000,0,0.0000,77.4000,0.2992,0.1300,0.4958,1.761686733
,10/23/2022 7:00,10/23/2022 7:00,65,0.2513,700,2.7064,142.4000,0.5506,1.0478,3.9958,2.777863911
,10/23/2022 8:00,10/23/2022 8:00,65,0.2513,700,2.7064,142.4000,0.5506,1.0478,3.9958,2.777863911
,10/23/2022 9:00,10/23/2022 9:00,65,0.2513,700,2.7064,142.4000,0.5506,1.0478,3.9958,2.777863911
,10/23/2022 10:00,10/23/2022 10:00,65,0.2513,700,2.7064,142.4000,0.5506,1.0478,3.9958,2.777863911
,10/23/2022 11:00,10/23/2022 11:00,65,0.2513,700,2.7064,142.4000,0.5506,1.0478,3.9958,2.777863911
,10/23/2022 12:00,10/23/2022 12:00,65,0.2513,700,2.7064,142.4000,0.5506,1.0478,3.9958,2.777863911
,10/23/2022 13:00,10/23/2022 13:00,65,0.2513,700,2.7064,142.4000,0.5506,1.0478,3.9958,2.777863911
,10/23/2022 14:00,10/23/2022 14:00,65,0.2513,700,2.7064,142.4000,0.5506,1.0478,3.9958,2.777863911
,10/23/2022 15:00,10/23/2022 15:00,65,0.2513,700,2.7064,142.4000,0.5506,1.0478,3.9958,2.777863911
,10/23/2022 16:00,10/23/2022 16:00,65,0.2513,700,2.7064,142.4000,0.5506,1.0478,3.9958,2.777863911
,10/23/2022 17:00,10/23/2022 17:00,65,0.2513,700,2.7064,142.4000,0.5506,1.0478,3.9958,2.777863911
,10/23/2022 18:00,10/23/2022 18:00,65,0.2513,700,2.7064,142.4000,0.5506,1.0478,3.9958,2.777863911
,10/23/2022 19:00,10/23/2022 19:00,65,0.2513,700,2.7064,142.4000,0.5506,1.0478,3.9958,2.777863911
,10/23/2022 20:00,10/23/2022 20:00,65,0.2513,700,2.7064,142.4000,0.5506,1.0478,3.9958,2.777863911
,10/23/2022 21:00,10/23/2022 21:00,65,0.2513,700,2.7064,142.4000,0.5506,1.0478,3.9958,2.777863911
,10/23/2022 22:00,10/23/2022 22:00,65,0.2513,700,2.7064,142.4000,0.5506,1.0478,3.9958,2.777863911
,10/23/2022 23:00,10/23/2022 23:00,65,0.2513,700,2.7064,142.4000,0.5506,1.0478,3.9958,2.777863911
,10/24/2022 0:00,10/24/2022 0:00,0,0.0000,0,0.0000,77.4000,0.2992,0.1300,0.4958,1.761686733
,10/24/2022 1:00,10/24/2022 1:00,0,0.0000,0,0.0000,77.4000,0.2992,0.1300,0.4958,1.761686733
,10/24/2022 2:00,10/24/2022 2:00,0,0.0000,0,0.0000,77.4000,0.2992,0.1300,0.4958,1.761686733
,10/24/2022 3:00,10/24/2022 3:00,0,0.0000,0,0.0000,77.4000,0.2992,0.1300,0.4958,1.761686733
,10/24/2022 4:00,10/24/2022 4:00,0,0.0000,0,0.0000,77.4000,0.2992,0.1300,0.4958,1.761686733
,10/24/2022 5:00,10/24/2022 5:00,0,0.0000,0,0.0000,77.4000,0.2992,0.1300,0.4958,1.761686733
,10/24/2022 6:00,10/24/2022 6:00,65,0.2513,700,2.7064,142.4000,0.5506,1.0478,3.9958,2.777863911
,10/24/2022 7:00,10/24/2022 7:00,65,0.2513,700,2.7064,142.4000,0.5506,1.0478,3.9958,2.777863911
,10/24/2022 8:00,10/24/2022 8:00,65,0.2513,700,2.7064,142.4000,0.5506,1.0478,3.9958,2.777863911
,10/24/2022 9:00,10/24/2022 9:00,65,0.2513,700,2.7064,142.4000,0.5506,1.0478,3.9958,2.777863911
,10/24/2022 10:00,10/24/2022 10:00,65,0.2513,700,2.7064,142.4000,0.5506,1.0478,3.9958,2.777863911
,10/24/2022 11:00,10/24/2022 11:00,65,0.2513,700,2.7064,142.4000,0.5506,1.0478,3.9958,2.777863911
,10/24/2022 12:00,10/24/2022 12:00,65,0.2513,700,2.7064,142.4000,0.5506,1.0478,3.9958,2.777863911
,10/24/2022 13:00,10/24/2022 13:00,65,0.2513,700,2.7064,142.4000,0.5506,1.0478,3.9958,2.777863911
,10/24/2022 14:00,10/24/2022 14:00,65,0.2513,700,2.7064,142.4000,0.5506,1.0478,3.9958,2.777863911
,10/24/2022 15:00,10/24/2022 15:00,65,0.2513,700,2.7064,142.4000,0.5506,1.0478,3.9958,2.777863911
,10/24/2022 16:00,10/24/2022 16:00,65,0.2513,700,2.7064,142.4000,0.5506,1.0478,3.9958,2.777863911
,10/24/2022 17:00,10/24/2022 17:00,65,0.2513,700,2.7064,142.4000,0.5506,1.0478,3.9958,2.777863911
,10/24/2022 18:00,10/24/2022 18:00,65,0.2513,700,2.7064,142.4000,0.5506,1.0478,3.9958,2.777863911
,10/24/2022 19:00,10/24/2022 19:00,65,0.2513,700,2.7064,142.4000,0.5506,1.0478,3.9958,2.777863911
,10/24/2022 20:00,10/24/2022 20:00,0,0.0000,0,0.0000,77.4000,0.2992,0.1300,0.4958,1.761686733
,10/24/2022 21:00,10/24/2022 21:00,0,0.0000,0,0.0000,77.4000,0.2992,0.1300,0.4958,1.761686733
,10/24/2022 22:00,10/24/2022 22:00,0,0.0000,0,0.0000,77.4000,0.2992,0.1300,0.4958,1.761686733
,10/24/2022 23:00,10/24/2022 23:00,0,0.0000,0,0.0000,77.4000,0.2992,0.1300,0.4958,1.761686733
,10/25/2022 0:00,10/25/2022 0:00,0,0.0000,0,0.0000,77.4000,0.2992,0.1300,0.4958,1.761686733
,10/25/2022 1:00,10/25/2022 1:00,0,0.0000,0,0.0000,77.4000,0.2992,0.1300,0.4958,1.761686733
,10/25/2022 2:00,10/25/2022 2:00,0,0.0000,0,0.0000,77.4000,0.2992,0.1300,0.4958,1.761686733
,10/25/2022 3:00,10/25/2022 3:00,0,0.0000,0,0.0000,77.4000,0.2992,0.1300,0.4958,1.761686733
,10/25/2022 4:00,10/25/2022 4:00,0,0.0000,0,0.0000,77.4000,0.2992,0.1300,0.4958,1.761686733
,10/25/2022 5:00,10/25/2022 5:00,0,0.0000,0,0.0000,77.4000,0.2992,0.1300,0.4958,1.761686733
,10/25/2022 6:00,10/25/2022 6:00,65,0.2513,700,2.7064,142.4000,0.5506,1.0478,3.9958,2.777863911
,10/25/2022 7:00,10/25/2022 7:00,65,0.2513,700,2.7064,142.4000,0.5506,1.0478,3.9958,2.777863911
,10/25/2022 8:00,10/25/2022 8:00,65,0.2513,700,2.7064,142.4000,0.5506,1.0478,3.9958,2.777863911
,10/25/2022 9:00,10/25/2022 9:00,65,0.2513,700,2.7064,142.4000,0.5506,1.0478,3.9958,2.777863911
,10/25/2022 10:00,10/25/2022 10:00,65,0.2513,700,2.7064,142.4000,0.5506,1.0478,3.9958,2.777863911
,10/25/2022 11:00,10/25/2022 11:00,65,0.2513,700,2.7064,142.4000,0.5506,1.0478,3.9958,2.777863911
,10/25/2022 12:00,10/25/2022 12:00,65,0.2513,700,2.7064,142.4000,0.5506,1.0478,3.9958,2.777863911
,10/25/2022 13:00,10/25/2022 13:00,65,0.2513,700,2.7064,142.4000,0.5506,1.0478,3.9958,2.777863911
,10/25/2022 14:00,10/25/2022 14:00,65,0.2513,700,2.7064,142.4000,0.5506,1.0478,3.9958,2.777863911
,10/25/2022 15:00,10/25/2022 15:00,65,0.2513,700,2.7064,142.4000,0.5506,1.0478,3.9958,2.777863911
,10/25/2022 16:00,10/25/2022 16:00,65,0.2513,700,2.7064,142.4000,0.5506,1.0478,3.9958,2.777863911
,10/25/2022 17:00,10/25/2022 17:00,65,0.2513,700,2.7064,142.4000,0.5506,1.0478,3.9958,2.777863911
,10/25/2022 18:00,10/25/2022 18:00,65,0.2513,700,2.7064,142.4000,0.5506,1.0478,3.9958,2.777863911
,10/25/2022 19:00,10/25/2022 19:00,65,0.2513,700,2.7064,142.4000,0.5506,1.0478,3.9958,2.777863911
,10/25/2022 20:00,10/25/2022 20:00,0,0.0000,0,0.0000,77.4000,0.2992,0.1300,0.4958,1.761686733
,10/25/2022 21:00,10/25/2022 21:00,0,0.0000,0,0.0000,77.4000,0.2992,0.1300,0.4958,1.761686733
,10/25/2022 22:00,10/25/2022 22:00,0,0.0000,0,0.0000,77.4000,0.2992,0.1300,0.4958,1.761686733
,10/25/2022 23:00,10/25/2022 23:00,0,0.0000,0,0.0000,77.4000,0.2992,0.1300,0.4958,1.761686733
,10/26/2022 0:00,10/26/2022 0:00,0,0.0000,0,0.0000,77.4000,0.2992,0.1300,0.4958,1.761686733
,10/26/2022 1:00,10/26/2022 1:00,0,0.0000,0,0.0000,77.4000,0.2992,0.1300,0.4958,1.761686733
,10/26/2022 2:00,10/26/2022 2:00,0,0.0000,0,0.0000,77.4000,0.2992,0.1300,0.4958,1.761686733
,10/26/2022 3:00,10/26/2022 3:00,0,0.0000,0,0.0000,77.4000,0.2992,0.1300,0.4958,1.761686733
,10/26/2022 4:00,10/26/2022 4:00,0,0.0000,0,0.0000,77.4000,0.2992,0.1300,0.4958,1.761686733
,10/26/2022 5:00,10/26/2022 5:00,0,0.0000,0,0.0000,77.4000,0.2992,0.1300,0.4958,1.761686733
,10/26/2022 6:00,10/26/2022 6:00,65,0.2513,700,2.7064,142.4000,0.5506,1.0478,3.9958,2.777863911
,10/26/2022 7:00,10/26/2022 7:00,65,0.2513,700,2.7064,142.4000,0.5506,1.0478,3.9958,2.777863911
,10/26/2022 8:00,10/26/2022 8:00,65,0.2513,700,2.7064,142.4000,0.5506,1.0478,3.9958,2.777863911
,10/26/2022 9:00,10/26/2022 9:00,65,0.2513,700,2.7064,142.4000,0.5506,1.0478,3.9958,2.777863911
,10/26/2022 10:00,10/26/2022 10:00,65,0.2513,700,2.7064,142.4000,0.5506,1.0478,3.9958,2.777863911
,10/26/2022 11:00,10/26/2022 11:00,65,0.2513,700,2.7064,142.4000,0.5506,1.0478,3.9958,2.777863911
,10/26/2022 12:00,10/26/2022 12:00,65,0.2513,700,2.7064,142.4000,0.5506,1.0478,3.9958,2.777863911
,10/26/2022 13:00,10/26/2022 13:00,65,0.2513,700,2.7064,142.4000,0.5506,1.0478,3.9958,2.777863911
,10/26/2022 14:00,10/26/2022 14:00,65,0.2513,700,2.7064,142.4000,0.5506,1.0478,3.9958,2.777863911
,10/26/2022 15:00,10/26/2022 15:00,65,0.2513,700,2.7064,142.4000,0.5506,1.0478,3.9958,2.777863911
,10/26/2022 16:00,10/26/2022 16:00,65,0.2513,700,2.7064,142.4000,0.5506,1.0478,3.9958,2.777863911
,10/26/2022 17:00,10/26/2022 17:00,65,0.2513,700,2.7064,142.4000,0.5506,1.0478,3.9958,2.777863911
,10/26/2022 18:00,10/26/2022 18:00,65,0.2513,700,2.7064,142.4000,0.5506,1.0478,3.9958,2.777863911
,10/26/2022 19:00,10/26/2022 19:00,65,0.2513,700,2.7064,142.4000,0.5506,1.0478,3.9958,2.777863911
,10/26/2022 20:00,10/26/2022 20:00,0,0.0000,0,0.0000,77.4000,0.2992,0.1300,0.4958,1.761686733
,10/26/2022 21:00,10/26/2022 21:00,0,0.0000,0,0.0000,77.4000,0.2992,0.1300,0.4958,1.761686733
,10/26/2022 22:00,10/26/2022 22:00,0,0.0000,0,0.0000,77.4000,0.2992,0.1300,0.4958,1.761686733
,10/26/2022 23:00,10/26/2022 23:00,0,0.0000,0,0.0000,77.4000,0.2992,0.1300,0.4958,1.761686733
,10/27/2022 0:00,10/27/2022 0:00,0,0.0000,0,0.0000,77.4000,0.2992,0.1300,0.4958,1.761686733
,10/27/2022 1:00,10/27/2022 1:00,0,0.0000,0,0.0000,77.4000,0.2992,0.1300,0.4958,1.761686733
,10/27/2022 2:00,10/27/2022 2:00,0,0.0000,0,0.0000,77.4000,0.2992,0.1300,0.4958,1.761686733
,10/27/2022 3:00,10/27/2022 3:00,0,0.0000,0,0.0000,77.4000,0.2992,0.1300,0.4958,1.761686733
,10/27/2022 4:00,10/27/2022 4:00,0,0.0000,0,0.0000,77.4000,0.2992,0.1300,0.4958,1.761686733
,10/27/2022 5:00,10/27/2022 5:00,0,0.0000,0,0.0000,77.4000,0.2992,0.1300,0.4958,1.761686733
,10/27/2022 6:00,10/27/2022 6:00,65,0.2513,700,2.7064,142.4000,0.5506,1.0478,3.9958,2.777863911
,10/27/2022 7:00,10/27/2022 7:00,65,0.2513,700,2.7064,142.4000,0.5506,1.0478,3.9958,2.777863911
,10/27/2022 8:00,10/27/2022 8:00,65,0.2513,700,2.7064,142.4000,0.5506,1.0478,3.9958,2.777863911
,10/27/2022 9:00,10/27/2022 9:00,65,0.2513,700,2.7064,142.4000,0.5506,1.0478,3.9958,2.777863911
,10/27/2022 10:00,10/27/2022 10:00,65,0.2513,700,2.7064,142.4000,0.5506,1.0478,3.9958,2.777863911
,10/27/2022 11:00,10/27/2022 11:00,65,0.2513,700,2.7064,142.4000,0.5506,1.0478,3.9958,2.777863911
,10/27/2022 12:00,10/27/2022 12:00,65,0.2513,700,2.7064,142.4000,0.5506,1.0478,3.9958,2.777863911
,10/27/2022 13:00,10/27/2022 13:00,65,0.2513,700,2.7064,142.4000,0.5506,1.0478,3.9958,2.777863911
,10/27/2022 14:00,10/27/2022 14:00,65,0.2513,700,2.7064,142.4000,0.5506,1.0478,3.9958,2.777863911
,10/27/2022 15:00,10/27/2022 15:00,65,0.2513,700,2.7064,142.4000,0.5506,1.0478,3.9958,2.777863911
,10/27/2022 16:00,10/27/2022 16:00,65,0.2513,700,2.7064,142.4000,0.5506,1.0478,3.9958,2.777863911
,10/27/2022 17:00,10/27/2022 17:00,65,0.2513,700,2.7064,142.4000,0.5506,1.0478,3.9958,2.777863911
,10/27/2022 18:00,10/27/2022 18:00,65,0.2513,700,2.7064,142.4000,0.5506,1.0478,3.9958,2.777863911
,10/27/2022 19:00,10/27/2022 19:00,65,0.2513,700,2.7064,142.4000,0.5506,1.0478,3.9958,2.777863911
,10/27/2022 20:00,10/27/2022 20:00,0,0.0000,0,0.0000,77.4000,0.2992,0.1300,0.4958,1.761686733
,10/27/2022 21:00,10/27/2022 21:00,0,0.0000,0,0.0000,77.4000,0.2992,0.1300,0.4958,1.761686733
,10/27/2022 22:00,10/27/2022 22:00,0,0.0000,0,0.0000,77.4000,0.2992,0.1300,0.4958,1.761686733
,10/27/2022 23:00,10/27/2022 23:00,0,0.0000,0,0.0000,77.4000,0.2992,0.1300,0.4958,1.761686733
,10/28/2022 0:00,10/28/2022 0:00,0,0.0000,0,0.0000,77.4000,0.2992,0.1300,0.4958,1.761686733
,10/28/2022 1:00,10/28/2022 1:00,0,0.0000,0,0.0000,77.4000,0.2992,0.1300,0.4958,1.761686733
,10/28/2022 2:00,10/28/2022 2:00,0,0.0000,0,0.0000,77.4000,0.2992,0.1300,0.4958,1.761686733
,10/28/2022 3:00,10/28/2022 3:00,0,0.0000,0,0.0000,77.4000,0.2992,0.1300,0.4958,1.761686733
,10/28/2022 4:00,10/28/2022 4:00,0,0.0000,0,0.0000,77.4000,0.2992,0.1300,0.4958,1.761686733
,10/28/2022 5:00,10/28/2022 5:00,0,0.0000,0,0.0000,77.4000,0.2992,0.1300,0.4958,1.761686733
,10/28/2022 6:00,10/28/2022 6:00,65,0.2513,700,2.7064,142.4000,0.5506,1.0478,3.9958,2.777863911
,10/28/2022 7:00,10/28/2022 7:00,65,0.2513,700,2.7064,142.4000,0.5506,1.0478,3.9958,2.777863911
,10/28/2022 8:00,10/28/2022 8:00,65,0.2513,700,2.7064,142.4000,0.5506,1.0478,3.9958,2.777863911
,10/28/2022 9:00,10/28/2022 9:00,65,0.2513,700,2.7064,142.4000,0.5506,1.0478,3.9958,2.777863911
,10/28/2022 10:00,10/28/2022 10:00,65,0.2513,700,2.7064,142.4000,0.5506,1.0478,3.9958,2.777863911
,10/28/2022 11:00,10/28/2022 11:00,65,0.2513,700,2.7064,142.4000,0.5506,1.0478,3.9958,2.777863911
,10/28/2022 12:00,10/28/2022 12:00,65,0.2513,700,2.7064,142.4000,0.5506,1.0478,3.9958,2.777863911
,10/28/2022 13:00,10/28/2022 13:00,65,0.2513,700,2.7064,142.4000,0.5506,1.0478,3.9958,2.777863911
,10/28/2022 14:00,10/28/2022 14:00,65,0.2513,700,2.7064,142.4000,0.5506,1.0478,3.9958,2.777863911
,10/28/2022 15:00,10/28/2022 15:00,65,0.2513,700,2.7064,142.4000,0.5506,1.0478,3.9958,2.777863911
,10/28/2022 16:00,10/28/2022 16:00,65,0.2513,700,2.7064,142.4000,0.5506,1.0478,3.9958,2.777863911
,10/28/2022 17:00,10/28/2022 17:00,65,0.2513,700,2.7064,142.4000,0.5506,1.0478,3.9958,2.777863911
,10/28/2022 18:00,10/28/2022 18:00,65,0.2513,700,2.7064,142.4000,0.5506,1.0478,3.9958,2.777863911
,10/28/2022 19:00,10/28/2022 19:00,65,0.2513,700,2.7064,142.4000,0.5506,1.0478,3.9958,2.777863911
,10/28/2022 20:00,10/28/2022 20:00,65,0.2513,700,2.7064,142.4000,0.5506,1.0478,3.9958,2.777863911
,10/28/2022 21:00,10/28/2022 21:00,65,0.2513,700,2.7064,142.4000,0.5506,1.0478,3.9958,2.777863911
,10/28/2022 22:00,10/28/2022 22:00,65,0.2513,700,2.7064,142.4000,0.5506,1.0478,3.9958,2.777863911
,10/28/2022 23:00,10/28/2022 23:00,65,0.2513,700,2.7064,142.4000,0.5506,1.0478,3.9958,2.777863911
,10/29/2022 0:00,10/29/2022 0:00,0,0.0000,0,0.0000,77.4000,0.2992,0.1300,0.4958,1.761686733
,10/29/2022 1:00,10/29/2022 1:00,0,0.0000,0,0.0000,77.4000,0.2992,0.1300,0.4958,1.761686733
,10/29/2022 2:00,10/29/2022 2:00,0,0.0000,0,0.0000,77.4000,0.2992,0.1300,0.4958,1.761686733
,10/29/2022 3:00,10/29/2022 3:00,0,0.0000,0,0.0000,77.4000,0.2992,0.1300,0.4958,1.761686733
,10/29/2022 4:00,10/29/2022 4:00,0,0.0000,0,0.0000,77.4000,0.2992,0.1300,0.4958,1.761686733
,10/29/2022 5:00,10/29/2022 5:00,0,0.0000,0,0.0000,77.4000,0.2992,0.1300,0.4958,1.761686733
,10/29/2022 6:00,10/29/2022 6:00,65,0.2513,700,2.7064,142.4000,0.5506,1.0478,3.9958,2.777863911
,10/29/2022 7:00,10/29/2022 7:00,65,0.2513,700,2.7064,142.4000,0.5506,1.0478,3.9958,2.777863911
,10/29/2022 8:00,10/29/2022 8:00,65,0.2513,700,2.7064,142.4000,0.5506,1.0478,3.9958,2.777863911
,10/29/2022 9:00,10/29/2022 9:00,65,0.2513,700,2.7064,142.4000,0.5506,1.0478,3.9958,2.777863911
,10/29/2022 10:00,10/29/2022 10:00,65,0.2513,700,2.7064,142.4000,0.5506,1.0478,3.9958,2.777863911
,10/29/2022 11:00,10/29/2022 11:00,65,0.2513,700,2.7064,142.4000,0.5506,1.0478,3.9958,2.777863911
,10/29/2022 12:00,10/29/2022 12:00,65,0.2513,700,2.7064,142.4000,0.5506,1.0478,3.9958,2.777863911
,10/29/2022 13:00,10/29/2022 13:00,65,0.2513,700,2.7064,142.4000,0.5506,1.0478,3.9958,2.777863911
,10/29/2022 14:00,10/29/2022 14:00,65,0.2513,700,2.7064,142.4000,0.5506,1.0478,3.9958,2.777863911
,10/29/2022 15:00,10/29/2022 15:00,65,0.2513,700,2.7064,142.4000,0.5506,1.0478,3.9958,2.777863911
,10/29/2022 16:00,10/29/2022 16:00,65,0.2513,700,2.7064,142.4000,0.5506,1.0478,3.9958,2.777863911
,10/29/2022 17:00,10/29/2022 17:00,65,0.2513,700,2.7064,142.4000,0.5506,1.0478,3.9958,2.777863911
,10/29/2022 18:00,10/29/2022 18:00,65,0.2513,700,2.7064,142.4000,0.5506,1.0478,3.9958,2.777863911
,10/29/2022 19:00,10/29/2022 19:00,65,0.2513,700,2.7064,142.4000,0.5506,1.0478,3.9958,2.777863911
,10/29/2022 20:00,10/29/2022 20:00,65,0.2513,700,2.7064,142.4000,0.5506,1.0478,3.9958,2.777863911
,10/29/2022 21:00,10/29/2022 21:00,65,0.2513,700,2.7064,142.4000,0.5506,1.0478,3.9958,2.777863911
,10/29/2022 22:00,10/29/2022 22:00,65,0.2513,700,2.7064,142.4000,0.5506,1.0478,3.9958,2.777863911
,10/29/2022 23:00,10/29/2022 23:00,65,0.2513,700,2.7064,142.4000,0.5506,1.0478,3.9958,2.777863911
,10/30/2022 0:00,10/30/2022 0:00,0,0.0000,0,0.0000,77.4000,0.2992,0.1300,0.4958,1.761686733
,10/30/2022 1:00,10/30/2022 1:00,0,0.0000,0,0.0000,77.4000,0.2992,0.1300,0.4958,1.761686733
,10/30/2022 2:00,10/30/2022 2:00,0,0.0000,0,0.0000,77.4000,0.2992,0.1300,0.4958,1.761686733
,10/30/2022 3:00,10/30/2022 3:00,0,0.0000,0,0.0000,77.4000,0.2992,0.1300,0.4958,1.761686733
,10/30/2022 4:00,10/30/2022 4:00,0,0.0000,0,0.0000,77.4000,0.2992,0.1300,0.4958,1.761686733
,10/30/2022 5:00,10/30/2022 5:00,0,0.0000,0,0.0000,77.4000,0.2992,0.1300,0.4958,1.761686733
,10/30/2022 6:00,10/30/2022 6:00,0,0.0000,0,0.0000,77.4000,0.2992,0.1300,0.4958,1.761686733
,10/30/2022 7:00,10/30/2022 7:00,65,0.2513,700,2.7064,142.4000,0.5506,1.0478,3.9958,2.777863911
,10/30/2022 8:00,10/30/2022 8:00,65,0.2513,700,2.7064,142.4000,0.5506,1.0478,3.9958,2.777863911
,10/30/2022 9:00,10/30/2022 9:00,65,0.2513,700,2.7064,142.4000,0.5506,1.0478,3.9958,2.777863911
,10/30/2022 10:00,10/30/2022 10:00,65,0.2513,700,2.7064,142.4000,0.5506,1.0478,3.9958,2.777863911
,10/30/2022 11:00,10/30/2022 11:00,65,0.2513,700,2.7064,142.4000,0.5506,1.0478,3.9958,2.777863911
,10/30/2022 12:00,10/30/2022 12:00,65,0.2513,700,2.7064,142.4000,0.5506,1.0478,3.9958,2.777863911
,10/30/2022 13:00,10/30/2022 13:00,65,0.2513,700,2.7064,142.4000,0.5506,1.0478,3.9958,2.777863911
,10/30/2022 14:00,10/30/2022 14:00,65,0.2513,700,2.7064,142.4000,0.5506,1.0478,3.9958,2.777863911
,10/30/2022 15:00,10/30/2022 15:00,65,0.2513,700,2.7064,142.4000,0.5506,1.0478,3.9958,2.777863911
,10/30/2022 16:00,10/30/2022 16:00,65,0.2513,700,2.7064,142.4000,0.5506,1.0478,3.9958,2.777863911
,10/30/2022 17:00,10/30/2022 17:00,65,0.2513,700,2.7064,142.4000,0.5506,1.0478,3.9958,2.777863911
,10/30/2022 18:00,10/30/2022 18:00,65,0.2513,700,2.7064,142.4000,0.5506,1.0478,3.9958,2.777863911
,10/30/2022 19:00,10/30/2022 19:00,65,0.2513,700,2.7064,142.4000,0.5506,1.0478,3.9958,2.777863911
,10/30/2022 20:00,10/30/2022 20:00,65,0.2513,700,2.7064,142.4000,0.5506,1.0478,3.9958,2.777863911
,10/30/2022 21:00,10/30/2022 21:00,65,0.2513,700,2.7064,142.4000,0.5506,1.0478,3.9958,2.777863911
,10/30/2022 22:00,10/30/2022 22:00,65,0.2513,700,2.7064,142.4000,0.5506,1.0478,3.9958,2.777863911
,10/30/2022 23:00,10/30/2022 23:00,65,0.2513,700,2.7064,142.4000,0.5506,1.0478,3.9958,2.777863911
,10/31/2022 0:00,10/31/2022 0:00,0,0.0000,0,0.0000,77.4000,0.2992,0.1300,0.4958,1.761686733
,10/31/2022 1:00,10/31/2022 1:00,0,0.0000,0,0.0000,77.4000,0.2992,0.1300,0.4958,1.761686733
,10/31/2022 2:00,10/31/2022 2:00,0,0.0000,0,0.0000,77.4000,0.2992,0.1300,0.4958,1.761686733
,10/31/2022 3:00,10/31/2022 3:00,0,0.0000,0,0.0000,77.4000,0.2992,0.1300,0.4958,1.761686733
,10/31/2022 4:00,10/31/2022 4:00,0,0.0000,0,0.0000,77.4000,0.2992,0.1300,0.4958,1.761686733
,10/31/2022 5:00,10/31/2022 5:00,0,0.0000,0,0.0000,77.4000,0.2992,0.1300,0.4958,1.761686733
,10/31/2022 6:00,10/31/2022 6:00,65,0.2513,700,2.7064,142.4000,0.5506,1.0478,3.9958,2.777863911
,10/31/2022 7:00,10/31/2022 7:00,65,0.2513,700,2.7064,142.4000,0.5506,1.0478,3.9958,2.777863911
,10/31/2022 8:00,10/31/2022 8:00,65,0.2513,700,2.7064,142.4000,0.5506,1.0478,3.9958,2.777863911
,10/31/2022 9:00,10/31/2022 9:00,65,0.2513,700,2.7064,142.4000,0.5506,1.0478,3.9958,2.777863911
,10/31/2022 10:00,10/31/2022 10:00,65,0.2513,700,2.7064,142.4000,0.5506,1.0478,3.9958,2.777863911
,10/31/2022 11:00,10/31/2022 11:00,65,0.2513,700,2.7064,142.4000,0.5506,1.0478,3.9958,2.777863911
,10/31/2022 12:00,10/31/2022 12:00,65,0.2513,700,2.7064,142.4000,0.5506,1.0478,3.9958,2.777863911
,10/31/2022 13:00,10/31/2022 13:00,65,0.2513,700,2.7064,142.4000,0.5506,1.0478,3.9958,2.777863911
,10/31/2022 14:00,10/31/2022 14:00,65,0.2513,700,2.7064,142.4000,0.5506,1.0478,3.9958,2.777863911
,10/31/2022 15:00,10/31/2022 15:00,65,0.2513,700,2.7064,142.4000,0.5506,1.0478,3.9958,2.777863911
,10/31/2022 16:00,10/31/2022 16:00,65,0.2513,700,2.7064,142.4000,0.5506,1.0478,3.9958,2.777863911
,10/31/2022 17:00,10/31/2022 17:00,65,0.2513,700,2.7064,142.4000,0.5506,1.0478,3.9958,2.777863911
,10/31/2022 18:00,10/31/2022 18:00,65,0.2513,700,2.7064,142.4000,0.5506,1.0478,3.9958,2.777863911
,10/31/2022 19:00,10/31/2022 19:00,65,0.2513,700,2.7064,142.4000,0.5506,1.0478,3.9958,2.777863911
,10/31/2022 20:00,10/31/2022 20:00,0,0.0000,0,0.0000,77.4000,0.2992,0.1300,0.4958,1.761686733
,10/31/2022 21:00,10/31/2022 21:00,0,0.0000,0,0.0000,77.4000,0.2992,0.1300,0.4958,1.761686733
,10/31/2022 22:00,10/31/2022 22:00,0,0.0000,0,0.0000,77.4000,0.2992,0.1300,0.4958,1.761686733
,10/31/2022 23:00,10/31/2022 23:00,0,0.0000,0,0.0000,77.4000,0.2992,0.1300,0.4958,1.761686733
,,,,,,,,,,,1803.540861
