,id,timestamp,Day,PeopleCount,PeoplePerArea(p/m2),LightingPower,LightingPowerIntensity(W/m2),EquipmentLoad,EquipmentPowerIntensity(W/m2),Carbon Emissions
0,0,10/1/2022 0:00,Saturday,10,0.0387,300,1.1599,87.4,0.3379,1.196819
1,1,10/1/2022 1:00,Saturday,4,0.0155,300,1.1599,81.4,0.3147,1.195943
2,2,10/1/2022 2:00,Saturday,0,0.0,0,0.0,77.4,0.2992,1.139061
3,3,10/1/2022 3:00,Saturday,0,0.0,0,0.0,77.4,0.2992,1.139061
4,4,10/1/2022 4:00,Saturday,0,0.0,0,0.0,77.4,0.2992,1.139061
5,5,10/1/2022 5:00,Saturday,0,0.0,0,0.0,77.4,0.2992,1.139061
6,6,10/1/2022 6:00,Saturday,0,0.0,0,0.0,77.4,0.2992,1.139061
7,7,10/1/2022 7:00,Saturday,5,0.0193,300,1.1599,82.4,0.3186,1.195943
8,8,10/1/2022 8:00,Saturday,4,0.0155,300,1.1599,81.4,0.3147,1.195943
9,9,10/1/2022 9:00,Saturday,0,0.0,0,0.0,77.4,0.2992,1.139061
10,10,10/1/2022 10:00,Saturday,0,0.0,0,0.0,77.4,0.2992,1.139061
11,11,10/1/2022 11:00,Saturday,0,0.0,0,0.0,77.4,0.2992,1.139061
12,12,10/1/2022 12:00,Saturday,0,0.0,0,0.0,77.4,0.2992,1.139061
13,13,10/1/2022 13:00,Saturday,0,0.0,0,0.0,77.4,0.2992,1.139061
14,14,10/1/2022 14:00,Saturday,0,0.0,0,0.0,77.4,0.2992,1.139061
15,15,10/1/2022 15:00,Saturday,0,0.0,0,0.0,77.4,0.2992,1.139061
16,16,10/1/2022 16:00,Saturday,4,0.0155,300,1.1599,81.4,0.3147,1.195943
17,17,10/1/2022 17:00,Saturday,3,0.0116,300,1.1599,80.4,0.3108,1.195291
18,18,10/1/2022 18:00,Saturday,5,0.0193,300,1.1599,82.4,0.3186,1.195943
19,19,10/1/2022 19:00,Saturday,10,0.0387,300,1.1599,87.4,0.3379,1.196819
20,20,10/1/2022 20:00,Saturday,12,0.0464,600,2.3197,89.4,0.3456,1.257653
21,21,10/1/2022 21:00,Saturday,11,0.0425,600,2.3197,88.4,0.3418,1.257877
22,22,10/1/2022 22:00,Saturday,9,0.0348,300,1.1599,86.4,0.334,1.196595
23,23,10/1/2022 23:00,Saturday,5,0.0193,300,1.1599,82.4,0.3186,1.195943
24,24,10/2/2022 0:00,Sunday,4,0.0155,300,1.1599,81.4,0.3147,1.195943
25,25,10/2/2022 1:00,Sunday,0,0.0,0,0.0,77.4,0.2992,1.139061
26,26,10/2/2022 2:00,Sunday,0,0.0,0,0.0,77.4,0.2992,1.139061
27,27,10/2/2022 3:00,Sunday,0,0.0,0,0.0,77.4,0.2992,1.139061
28,28,10/2/2022 4:00,Sunday,0,0.0,0,0.0,77.4,0.2992,1.139061
29,29,10/2/2022 5:00,Sunday,0,0.0,0,0.0,77.4,0.2992,1.139061
30,30,10/2/2022 6:00,Sunday,0,0.0,0,0.0,77.4,0.2992,1.139061
31,31,10/2/2022 7:00,Sunday,0,0.0,0,0.0,77.4,0.2992,1.139061
32,32,10/2/2022 8:00,Sunday,0,0.0,0,0.0,77.4,0.2992,1.139061
33,33,10/2/2022 9:00,Sunday,2,0.0077,300,1.1599,79.4,0.307,1.195291
34,34,10/2/2022 10:00,Sunday,3,0.0116,300,1.1599,80.4,0.3108,1.195291
35,35,10/2/2022 11:00,Sunday,0,0.0,0,0.0,77.4,0.2992,1.139061
36,36,10/2/2022 12:00,Sunday,0,0.0,0,0.0,77.4,0.2992,1.139061
37,37,10/2/2022 13:00,Sunday,0,0.0,0,0.0,77.4,0.2992,1.139061
38,38,10/2/2022 14:00,Sunday,0,0.0,0,0.0,77.4,0.2992,1.139061
39,39,10/2/2022 15:00,Sunday,0,0.0,0,0.0,77.4,0.2992,1.139061
40,40,10/2/2022 16:00,Sunday,4,0.0155,300,1.1599,81.4,0.3147,1.195943
41,41,10/2/2022 17:00,Sunday,5,0.0193,300,1.1599,82.4,0.3186,1.195943
42,42,10/2/2022 18:00,Sunday,6,0.0232,300,1.1599,83.4,0.3224,1.196167
43,43,10/2/2022 19:00,Sunday,10,0.0387,300,1.1599,87.4,0.3379,1.196819
44,44,10/2/2022 20:00,Sunday,11,0.0425,600,2.3197,88.4,0.3418,1.257877
45,45,10/2/2022 21:00,Sunday,11,0.0425,600,2.3197,88.4,0.3418,1.257877
46,46,10/2/2022 22:00,Sunday,15,0.058,600,2.3197,92.4,0.3572,1.258305
47,47,10/2/2022 23:00,Sunday,5,0.0193,300,1.1599,82.4,0.3186,1.195943
48,48,10/3/2022 0:00,Monday,0,0.0,0,0.0,77.4,0.2992,1.139061
49,49,10/3/2022 1:00,Monday,0,0.0,0,0.0,77.4,0.2992,1.139061
50,50,10/3/2022 2:00,Monday,0,0.0,0,0.0,77.4,0.2992,1.139061
51,51,10/3/2022 3:00,Monday,0,0.0,0,0.0,77.4,0.2992,1.139061
52,52,10/3/2022 4:00,Monday,0,0.0,0,0.0,77.4,0.2992,1.139061
53,53,10/3/2022 5:00,Monday,0,0.0,0,0.0,77.4,0.2992,1.139061
54,54,10/3/2022 6:00,Monday,0,0.0,0,0.0,77.4,0.2992,1.139061
55,55,10/3/2022 7:00,Monday,5,0.0193,300,1.1599,82.4,0.3186,1.195943
56,56,10/3/2022 8:00,Monday,22,0.0851,600,2.3197,99.4,0.3843,1.259181
57,57,10/3/2022 9:00,Monday,62,0.2397,900,3.4796,139.4,0.539,1.329407
58,58,10/3/2022 10:00,Monday,62,0.2397,900,3.4796,139.4,0.539,1.329407
59,59,10/3/2022 11:00,Monday,60,0.232,900,3.4796,137.4,0.5312,1.328979
60,60,10/3/2022 12:00,Monday,59,0.2281,900,3.4796,136.4,0.5274,1.328755
61,61,10/3/2022 13:00,Monday,32,0.1237,600,2.3197,109.4,0.423,1.261157
62,62,10/3/2022 14:00,Monday,15,0.058,600,2.3197,92.4,0.3572,1.258305
63,63,10/3/2022 15:00,Monday,15,0.058,600,2.3197,92.4,0.3572,1.258305
64,64,10/3/2022 16:00,Monday,15,0.058,600,2.3197,92.4,0.3572,1.258305
65,65,10/3/2022 17:00,Monday,12,0.0464,600,2.3197,89.4,0.3456,1.257653
66,66,10/3/2022 18:00,Monday,5,0.0193,300,1.1599,82.4,0.3186,1.195943
67,67,10/3/2022 19:00,Monday,4,0.0155,300,1.1599,81.4,0.3147,1.195943
68,68,10/3/2022 20:00,Monday,2,0.0077,300,1.1599,79.4,0.307,1.195291
69,69,10/3/2022 21:00,Monday,0,0.0,0,0.0,77.4,0.2992,1.139061
70,70,10/3/2022 22:00,Monday,0,0.0,0,0.0,77.4,0.2992,1.139061
71,71,10/3/2022 23:00,Monday,0,0.0,0,0.0,77.4,0.2992,1.139061
72,72,10/4/2022 0:00,Tuesday,0,0.0,0,0.0,77.4,0.2992,1.139061
73,73,10/4/2022 1:00,Tuesday,0,0.0,0,0.0,77.4,0.2992,1.139061
74,74,10/4/2022 2:00,Tuesday,0,0.0,0,0.0,77.4,0.2992,1.139061
75,75,10/4/2022 3:00,Tuesday,0,0.0,0,0.0,77.4,0.2992,1.139061
76,76,10/4/2022 4:00,Tuesday,0,0.0,0,0.0,77.4,0.2992,1.139061
77,77,10/4/2022 5:00,Tuesday,0,0.0,0,0.0,77.4,0.2992,1.139061
78,78,10/4/2022 6:00,Tuesday,0,0.0,0,0.0,77.4,0.2992,1.139061
79,79,10/4/2022 7:00,Tuesday,0,0.0,0,0.0,77.4,0.2992,1.139061
80,80,10/4/2022 8:00,Tuesday,5,0.0193,300,1.1599,82.4,0.3186,1.195943
81,81,10/4/2022 9:00,Tuesday,15,0.058,600,2.3197,92.4,0.3572,1.258305
82,82,10/4/2022 10:00,Tuesday,44,0.1701,900,3.4796,121.4,0.4694,1.325475
83,83,10/4/2022 11:00,Tuesday,42,0.1624,900,3.4796,119.4,0.4616,1.325047
84,84,10/4/2022 12:00,Tuesday,42,0.1624,900,3.4796,119.4,0.4616,1.325047
85,85,10/4/2022 13:00,Tuesday,35,0.1353,900,3.4796,112.4,0.4346,1.323723
86,86,10/4/2022 14:00,Tuesday,33,0.1276,600,2.3197,110.4,0.4268,1.261361
87,87,10/4/2022 15:00,Tuesday,30,0.116,600,2.3197,107.4,0.4152,1.260933
88,88,10/4/2022 16:00,Tuesday,15,0.058,600,2.3197,92.4,0.3572,1.258305
89,89,10/4/2022 17:00,Tuesday,5,0.0193,300,1.1599,82.4,0.3186,1.195943
90,90,10/4/2022 18:00,Tuesday,2,0.0077,300,1.1599,79.4,0.307,1.195291
91,91,10/4/2022 19:00,Tuesday,3,0.0116,300,1.1599,80.4,0.3108,1.195291
92,92,10/4/2022 20:00,Tuesday,2,0.0077,300,1.1599,79.4,0.307,1.195291
93,93,10/4/2022 21:00,Tuesday,1,0.0039,300,1.1599,78.4,0.3031,1.195291
94,94,10/4/2022 22:00,Tuesday,0,0.0,0,0.0,77.4,0.2992,1.139061
95,95,10/4/2022 23:00,Tuesday,0,0.0,0,0.0,77.4,0.2992,1.139061
96,96,10/5/2022 0:00,Wednesday,0,0.0,0,0.0,77.4,0.2992,1.139061
97,97,10/5/2022 1:00,Wednesday,0,0.0,0,0.0,77.4,0.2992,1.139061
98,98,10/5/2022 2:00,Wednesday,0,0.0,0,0.0,77.4,0.2992,1.139061
99,99,10/5/2022 3:00,Wednesday,0,0.0,0,0.0,77.4,0.2992,1.139061
100,100,10/5/2022 4:00,Wednesday,0,0.0,0,0.0,77.4,0.2992,1.139061
101,101,10/5/2022 5:00,Wednesday,0,0.0,0,0.0,77.4,0.2992,1.139061
102,102,10/5/2022 6:00,Wednesday,0,0.0,0,0.0,77.4,0.2992,1.139061
103,103,10/5/2022 7:00,Wednesday,5,0.0193,300,1.1599,82.4,0.3186,1.195943
104,104,10/5/2022 8:00,Wednesday,22,0.0851,600,2.3197,99.4,0.3843,1.259181
105,105,10/5/2022 9:00,Wednesday,62,0.2397,900,3.4796,139.4,0.539,1.329407
106,106,10/5/2022 10:00,Wednesday,62,0.2397,900,3.4796,139.4,0.539,1.329407
107,107,10/5/2022 11:00,Wednesday,60,0.232,900,3.4796,137.4,0.5312,1.328979
108,108,10/5/2022 12:00,Wednesday,59,0.2281,900,3.4796,136.4,0.5274,1.328755
109,109,10/5/2022 13:00,Wednesday,32,0.1237,600,2.3197,109.4,0.423,1.261157
110,110,10/5/2022 14:00,Wednesday,15,0.058,600,2.3197,92.4,0.3572,1.258305
111,111,10/5/2022 15:00,Wednesday,15,0.058,600,2.3197,92.4,0.3572,1.258305
112,112,10/5/2022 16:00,Wednesday,15,0.058,600,2.3197,92.4,0.3572,1.258305
113,113,10/5/2022 17:00,Wednesday,12,0.0464,600,2.3197,89.4,0.3456,1.257653
114,114,10/5/2022 18:00,Wednesday,5,0.0193,300,1.1599,82.4,0.3186,1.195943
115,115,10/5/2022 19:00,Wednesday,4,0.0155,300,1.1599,81.4,0.3147,1.195943
116,116,10/5/2022 20:00,Wednesday,2,0.0077,300,1.1599,79.4,0.307,1.195291
117,117,10/5/2022 21:00,Wednesday,0,0.0,0,0.0,77.4,0.2992,1.139061
118,118,10/5/2022 22:00,Wednesday,0,0.0,0,0.0,77.4,0.2992,1.139061
119,119,10/5/2022 23:00,Wednesday,0,0.0,0,0.0,77.4,0.2992,1.139061
120,120,10/6/2022 0:00,Thursday,0,0.0,0,0.0,77.4,0.2992,1.139061
121,121,10/6/2022 1:00,Thursday,0,0.0,0,0.0,77.4,0.2992,1.139061
122,122,10/6/2022 2:00,Thursday,0,0.0,0,0.0,77.4,0.2992,1.139061
123,123,10/6/2022 3:00,Thursday,0,0.0,0,0.0,77.4,0.2992,1.139061
124,124,10/6/2022 4:00,Thursday,0,0.0,0,0.0,77.4,0.2992,1.139061
125,125,10/6/2022 5:00,Thursday,0,0.0,0,0.0,77.4,0.2992,1.139061
126,126,10/6/2022 6:00,Thursday,0,0.0,0,0.0,77.4,0.2992,1.139061
127,127,10/6/2022 7:00,Thursday,0,0.0,0,0.0,77.4,0.2992,1.139061
128,128,10/6/2022 8:00,Thursday,5,0.0193,300,1.1599,82.4,0.3186,1.195943
129,129,10/6/2022 9:00,Thursday,15,0.058,600,2.3197,92.4,0.3572,1.258305
130,130,10/6/2022 10:00,Thursday,44,0.1701,900,3.4796,121.4,0.4694,1.325475
131,131,10/6/2022 11:00,Thursday,42,0.1624,900,3.4796,119.4,0.4616,1.325047
132,132,10/6/2022 12:00,Thursday,42,0.1624,900,3.4796,119.4,0.4616,1.325047
133,133,10/6/2022 13:00,Thursday,35,0.1353,900,3.4796,112.4,0.4346,1.323723
134,134,10/6/2022 14:00,Thursday,33,0.1276,600,2.3197,110.4,0.4268,1.261361
135,135,10/6/2022 15:00,Thursday,30,0.116,600,2.3197,107.4,0.4152,1.260933
136,136,10/6/2022 16:00,Thursday,15,0.058,600,2.3197,92.4,0.3572,1.258305
137,137,10/6/2022 17:00,Thursday,5,0.0193,300,1.1599,82.4,0.3186,1.195943
138,138,10/6/2022 18:00,Thursday,2,0.0077,300,1.1599,79.4,0.307,1.195291
139,139,10/6/2022 19:00,Thursday,3,0.0116,300,1.1599,80.4,0.3108,1.195291
140,140,10/6/2022 20:00,Thursday,2,0.0077,300,1.1599,79.4,0.307,1.195291
141,141,10/6/2022 21:00,Thursday,1,0.0039,300,1.1599,78.4,0.3031,1.195291
142,142,10/6/2022 22:00,Thursday,0,0.0,0,0.0,77.4,0.2992,1.139061
143,143,10/6/2022 23:00,Thursday,0,0.0,0,0.0,77.4,0.2992,1.139061
144,144,10/7/2022 0:00,Friday,0,0.0,0,0.0,77.4,0.2992,1.139061
145,145,10/7/2022 1:00,Friday,0,0.0,0,0.0,77.4,0.2992,1.139061
146,146,10/7/2022 2:00,Friday,0,0.0,0,0.0,77.4,0.2992,1.139061
147,147,10/7/2022 3:00,Friday,0,0.0,0,0.0,77.4,0.2992,1.139061
148,148,10/7/2022 4:00,Friday,0,0.0,0,0.0,77.4,0.2992,1.139061
149,149,10/7/2022 5:00,Friday,0,0.0,0,0.0,77.4,0.2992,1.139061
150,150,10/7/2022 6:00,Friday,0,0.0,0,0.0,77.4,0.2992,1.139061
151,151,10/7/2022 7:00,Friday,0,0.0,0,0.0,77.4,0.2992,1.139061
152,152,10/7/2022 8:00,Friday,5,0.0193,300,1.1599,82.4,0.3186,1.195943
153,153,10/7/2022 9:00,Friday,11,0.0425,600,2.3197,88.4,0.3418,1.257877
154,154,10/7/2022 10:00,Friday,13,0.0503,600,2.3197,90.4,0.3495,1.258081
155,155,10/7/2022 11:00,Friday,14,0.0541,600,2.3197,91.4,0.3534,1.258305
156,156,10/7/2022 12:00,Friday,4,0.0155,300,1.1599,81.4,0.3147,1.195943
157,157,10/7/2022 13:00,Friday,12,0.0464,600,2.3197,89.4,0.3456,1.257653
158,158,10/7/2022 14:00,Friday,12,0.0464,600,2.3197,89.4,0.3456,1.257653
159,159,10/7/2022 15:00,Friday,11,0.0425,600,2.3197,88.4,0.3418,1.257877
160,160,10/7/2022 16:00,Friday,10,0.0387,300,1.1599,87.4,0.3379,1.196819
161,161,10/7/2022 17:00,Friday,5,0.0193,300,1.1599,82.4,0.3186,1.195943
162,162,10/7/2022 18:00,Friday,6,0.0232,300,1.1599,83.4,0.3224,1.196167
163,163,10/7/2022 19:00,Friday,2,0.0077,300,1.1599,79.4,0.307,1.195291
164,164,10/7/2022 20:00,Friday,3,0.0116,300,1.1599,80.4,0.3108,1.195291
165,165,10/7/2022 21:00,Friday,0,0.0,0,0.0,77.4,0.2992,1.139061
166,166,10/7/2022 22:00,Friday,0,0.0,0,0.0,77.4,0.2992,1.139061
167,167,10/7/2022 23:00,Friday,0,0.0,0,0.0,77.4,0.2992,1.139061
168,168,10/8/2022 0:00,Saturday,9,0.0348,300,1.1599,86.4,0.334,1.196595
169,169,10/8/2022 1:00,Saturday,5,0.0193,300,1.1599,82.4,0.3186,1.195943
170,170,10/8/2022 2:00,Saturday,0,0.0,0,0.0,77.4,0.2992,1.139061
171,171,10/8/2022 3:00,Saturday,0,0.0,0,0.0,77.4,0.2992,1.139061
172,172,10/8/2022 4:00,Saturday,0,0.0,0,0.0,77.4,0.2992,1.139061
173,173,10/8/2022 5:00,Saturday,0,0.0,0,0.0,77.4,0.2992,1.139061
174,174,10/8/2022 6:00,Saturday,0,0.0,0,0.0,77.4,0.2992,1.139061
175,175,10/8/2022 7:00,Saturday,5,0.0193,300,1.1599,82.4,0.3186,1.195943
176,176,10/8/2022 8:00,Saturday,4,0.0155,300,1.1599,81.4,0.3147,1.195943
177,177,10/8/2022 9:00,Saturday,0,0.0,0,0.0,77.4,0.2992,1.139061
178,178,10/8/2022 10:00,Saturday,0,0.0,0,0.0,77.4,0.2992,1.139061
179,179,10/8/2022 11:00,Saturday,0,0.0,0,0.0,77.4,0.2992,1.139061
180,180,10/8/2022 12:00,Saturday,0,0.0,0,0.0,77.4,0.2992,1.139061
181,181,10/8/2022 13:00,Saturday,0,0.0,0,0.0,77.4,0.2992,1.139061
182,182,10/8/2022 14:00,Saturday,0,0.0,0,0.0,77.4,0.2992,1.139061
183,183,10/8/2022 15:00,Saturday,0,0.0,0,0.0,77.4,0.2992,1.139061
184,184,10/8/2022 16:00,Saturday,2,0.0077,300,1.1599,79.4,0.307,1.195291
185,185,10/8/2022 17:00,Saturday,4,0.0155,300,1.1599,81.4,0.3147,1.195943
186,186,10/8/2022 18:00,Saturday,5,0.0193,300,1.1599,82.4,0.3186,1.195943
187,187,10/8/2022 19:00,Saturday,12,0.0464,600,2.3197,89.4,0.3456,1.257653
188,188,10/8/2022 20:00,Saturday,11,0.0425,600,2.3197,88.4,0.3418,1.257877
189,189,10/8/2022 21:00,Saturday,14,0.0541,600,2.3197,91.4,0.3534,1.258305
190,190,10/8/2022 22:00,Saturday,11,0.0425,600,2.3197,88.4,0.3418,1.257877
191,191,10/8/2022 23:00,Saturday,6,0.0232,300,1.1599,83.4,0.3224,1.196167
192,192,10/9/2022 0:00,Sunday,4,0.0155,300,1.1599,81.4,0.3147,1.195943
193,193,10/9/2022 1:00,Sunday,0,0.0,0,0.0,77.4,0.2992,1.139061
194,194,10/9/2022 2:00,Sunday,0,0.0,0,0.0,77.4,0.2992,1.139061
195,195,10/9/2022 3:00,Sunday,0,0.0,0,0.0,77.4,0.2992,1.139061
196,196,10/9/2022 4:00,Sunday,0,0.0,0,0.0,77.4,0.2992,1.139061
197,197,10/9/2022 5:00,Sunday,0,0.0,0,0.0,77.4,0.2992,1.139061
198,198,10/9/2022 6:00,Sunday,0,0.0,0,0.0,77.4,0.2992,1.139061
199,199,10/9/2022 7:00,Sunday,0,0.0,0,0.0,77.4,0.2992,1.139061
200,200,10/9/2022 8:00,Sunday,0,0.0,0,0.0,77.4,0.2992,1.139061
201,201,10/9/2022 9:00,Sunday,3,0.0116,300,1.1599,80.4,0.3108,1.195291
202,202,10/9/2022 10:00,Sunday,5,0.0193,300,1.1599,82.4,0.3186,1.195943
203,203,10/9/2022 11:00,Sunday,0,0.0,0,0.0,77.4,0.2992,1.139061
204,204,10/9/2022 12:00,Sunday,0,0.0,0,0.0,77.4,0.2992,1.139061
205,205,10/9/2022 13:00,Sunday,0,0.0,0,0.0,77.4,0.2992,1.139061
206,206,10/9/2022 14:00,Sunday,0,0.0,0,0.0,77.4,0.2992,1.139061
207,207,10/9/2022 15:00,Sunday,0,0.0,0,0.0,77.4,0.2992,1.139061
208,208,10/9/2022 16:00,Sunday,3,0.0116,300,1.1599,80.4,0.3108,1.195291
209,209,10/9/2022 17:00,Sunday,4,0.0155,300,1.1599,81.4,0.3147,1.195943
210,210,10/9/2022 18:00,Sunday,6,0.0232,300,1.1599,83.4,0.3224,1.196167
211,211,10/9/2022 19:00,Sunday,12,0.0464,600,2.3197,89.4,0.3456,1.257653
212,212,10/9/2022 20:00,Sunday,11,0.0425,600,2.3197,88.4,0.3418,1.257877
213,213,10/9/2022 21:00,Sunday,13,0.0503,600,2.3197,90.4,0.3495,1.258081
214,214,10/9/2022 22:00,Sunday,12,0.0464,600,2.3197,89.4,0.3456,1.257653
215,215,10/9/2022 23:00,Sunday,5,0.0193,300,1.1599,82.4,0.3186,1.195943
216,216,10/10/2022 0:00,Monday,0,0.0,0,0.0,77.4,0.2992,1.139061
217,217,10/10/2022 1:00,Monday,0,0.0,0,0.0,77.4,0.2992,1.139061
218,218,10/10/2022 2:00,Monday,0,0.0,0,0.0,77.4,0.2992,1.139061
219,219,10/10/2022 3:00,Monday,0,0.0,0,0.0,77.4,0.2992,1.139061
220,220,10/10/2022 4:00,Monday,0,0.0,0,0.0,77.4,0.2992,1.139061
221,221,10/10/2022 5:00,Monday,0,0.0,0,0.0,77.4,0.2992,1.139061
222,222,10/10/2022 6:00,Monday,0,0.0,0,0.0,77.4,0.2992,1.139061
223,223,10/10/2022 7:00,Monday,3,0.0116,300,1.1599,80.4,0.3108,1.195291
224,224,10/10/2022 8:00,Monday,21,0.0812,600,2.3197,98.4,0.3804,1.259405
225,225,10/10/2022 9:00,Monday,62,0.2397,900,3.4796,139.4,0.539,1.329407
226,226,10/10/2022 10:00,Monday,62,0.2397,900,3.4796,139.4,0.539,1.329407
227,227,10/10/2022 11:00,Monday,61,0.2358,900,3.4796,138.4,0.5351,1.328979
228,228,10/10/2022 12:00,Monday,60,0.232,900,3.4796,137.4,0.5312,1.328979
229,229,10/10/2022 13:00,Monday,34,0.1315,600,2.3197,111.4,0.4307,1.261361
230,230,10/10/2022 14:00,Monday,16,0.0619,600,2.3197,93.4,0.3611,1.258529
231,231,10/10/2022 15:00,Monday,15,0.058,600,2.3197,92.4,0.3572,1.258305
232,232,10/10/2022 16:00,Monday,16,0.0619,600,2.3197,93.4,0.3611,1.258529
233,233,10/10/2022 17:00,Monday,14,0.0541,600,2.3197,91.4,0.3534,1.258305
234,234,10/10/2022 18:00,Monday,5,0.0193,300,1.1599,82.4,0.3186,1.195943
235,235,10/10/2022 19:00,Monday,4,0.0155,300,1.1599,81.4,0.3147,1.195943
236,236,10/10/2022 20:00,Monday,3,0.0116,300,1.1599,80.4,0.3108,1.195291
237,237,10/10/2022 21:00,Monday,0,0.0,0,0.0,77.4,0.2992,1.139061
238,238,10/10/2022 22:00,Monday,0,0.0,0,0.0,77.4,0.2992,1.139061
239,239,10/10/2022 23:00,Monday,0,0.0,0,0.0,77.4,0.2992,1.139061
240,240,10/11/2022 0:00,Tuesday,0,0.0,0,0.0,77.4,0.2992,1.139061
241,241,10/11/2022 1:00,Tuesday,0,0.0,0,0.0,77.4,0.2992,1.139061
242,242,10/11/2022 2:00,Tuesday,0,0.0,0,0.0,77.4,0.2992,1.139061
243,243,10/11/2022 3:00,Tuesday,0,0.0,0,0.0,77.4,0.2992,1.139061
244,244,10/11/2022 4:00,Tuesday,0,0.0,0,0.0,77.4,0.2992,1.139061
245,245,10/11/2022 5:00,Tuesday,0,0.0,0,0.0,77.4,0.2992,1.139061
246,246,10/11/2022 6:00,Tuesday,0,0.0,0,0.0,77.4,0.2992,1.139061
247,247,10/11/2022 7:00,Tuesday,0,0.0,0,0.0,77.4,0.2992,1.139061
248,248,10/11/2022 8:00,Tuesday,5,0.0193,300,1.1599,82.4,0.3186,1.195943
249,249,10/11/2022 9:00,Tuesday,13,0.0503,600,2.3197,90.4,0.3495,1.258081
250,250,10/11/2022 10:00,Tuesday,45,0.174,900,3.4796,122.4,0.4732,1.325699
251,251,10/11/2022 11:00,Tuesday,44,0.1701,900,3.4796,121.4,0.4694,1.325475
252,252,10/11/2022 12:00,Tuesday,43,0.1662,900,3.4796,120.4,0.4655,1.325251
253,253,10/11/2022 13:00,Tuesday,33,0.1276,600,2.3197,110.4,0.4268,1.261361
254,254,10/11/2022 14:00,Tuesday,34,0.1315,600,2.3197,111.4,0.4307,1.261361
255,255,10/11/2022 15:00,Tuesday,32,0.1237,600,2.3197,109.4,0.423,1.261157
256,256,10/11/2022 16:00,Tuesday,15,0.058,600,2.3197,92.4,0.3572,1.258305
257,257,10/11/2022 17:00,Tuesday,5,0.0193,300,1.1599,82.4,0.3186,1.195943
258,258,10/11/2022 18:00,Tuesday,4,0.0155,300,1.1599,81.4,0.3147,1.195943
259,259,10/11/2022 19:00,Tuesday,1,0.0039,300,1.1599,78.4,0.3031,1.195291
260,260,10/11/2022 20:00,Tuesday,3,0.0116,300,1.1599,80.4,0.3108,1.195291
261,261,10/11/2022 21:00,Tuesday,2,0.0077,300,1.1599,79.4,0.307,1.195291
262,262,10/11/2022 22:00,Tuesday,0,0.0,0,0.0,77.4,0.2992,1.139061
263,263,10/11/2022 23:00,Tuesday,0,0.0,0,0.0,77.4,0.2992,1.139061
264,264,10/12/2022 0:00,Wednesday,0,0.0,0,0.0,77.4,0.2992,1.139061
265,265,10/12/2022 1:00,Wednesday,0,0.0,0,0.0,77.4,0.2992,1.139061
266,266,10/12/2022 2:00,Wednesday,0,0.0,0,0.0,77.4,0.2992,1.139061
267,267,10/12/2022 3:00,Wednesday,0,0.0,0,0.0,77.4,0.2992,1.139061
268,268,10/12/2022 4:00,Wednesday,0,0.0,0,0.0,77.4,0.2992,1.139061
269,269,10/12/2022 5:00,Wednesday,0,0.0,0,0.0,77.4,0.2992,1.139061
270,270,10/12/2022 6:00,Wednesday,0,0.0,0,0.0,77.4,0.2992,1.139061
271,271,10/12/2022 7:00,Wednesday,5,0.0193,300,1.1599,82.4,0.3186,1.195943
272,272,10/12/2022 8:00,Wednesday,23,0.0889,600,2.3197,100.4,0.3882,1.259405
273,273,10/12/2022 9:00,Wednesday,62,0.2397,900,3.4796,139.4,0.539,1.329407
274,274,10/12/2022 10:00,Wednesday,62,0.2397,900,3.4796,139.4,0.539,1.329407
275,275,10/12/2022 11:00,Wednesday,63,0.2436,900,3.4796,140.4,0.5428,1.329407
276,276,10/12/2022 12:00,Wednesday,61,0.2358,900,3.4796,138.4,0.5351,1.328979
277,277,10/12/2022 13:00,Wednesday,34,0.1315,600,2.3197,111.4,0.4307,1.261361
278,278,10/12/2022 14:00,Wednesday,15,0.058,600,2.3197,92.4,0.3572,1.258305
279,279,10/12/2022 15:00,Wednesday,16,0.0619,600,2.3197,93.4,0.3611,1.258529
280,280,10/12/2022 16:00,Wednesday,16,0.0619,600,2.3197,93.4,0.3611,1.258529
281,281,10/12/2022 17:00,Wednesday,14,0.0541,600,2.3197,91.4,0.3534,1.258305
282,282,10/12/2022 18:00,Wednesday,5,0.0193,300,1.1599,82.4,0.3186,1.195943
283,283,10/12/2022 19:00,Wednesday,4,0.0155,300,1.1599,81.4,0.3147,1.195943
284,284,10/12/2022 20:00,Wednesday,3,0.0116,300,1.1599,80.4,0.3108,1.195291
285,285,10/12/2022 21:00,Wednesday,0,0.0,0,0.0,77.4,0.2992,1.139061
286,286,10/12/2022 22:00,Wednesday,0,0.0,0,0.0,77.4,0.2992,1.139061
287,287,10/12/2022 23:00,Wednesday,0,0.0,0,0.0,77.4,0.2992,1.139061
288,288,10/13/2022 0:00,Thursday,0,0.0,0,0.0,77.4,0.2992,1.139061
289,289,10/13/2022 1:00,Thursday,0,0.0,0,0.0,77.4,0.2992,1.139061
290,290,10/13/2022 2:00,Thursday,0,0.0,0,0.0,77.4,0.2992,1.139061
291,291,10/13/2022 3:00,Thursday,0,0.0,0,0.0,77.4,0.2992,1.139061
292,292,10/13/2022 4:00,Thursday,0,0.0,0,0.0,77.4,0.2992,1.139061
293,293,10/13/2022 5:00,Thursday,0,0.0,0,0.0,77.4,0.2992,1.139061
294,294,10/13/2022 6:00,Thursday,0,0.0,0,0.0,77.4,0.2992,1.139061
295,295,10/13/2022 7:00,Thursday,0,0.0,0,0.0,77.4,0.2992,1.139061
296,296,10/13/2022 8:00,Thursday,5,0.0193,300,1.1599,82.4,0.3186,1.195943
297,297,10/13/2022 9:00,Thursday,15,0.058,600,2.3197,92.4,0.3572,1.258305
298,298,10/13/2022 10:00,Thursday,44,0.1701,900,3.4796,121.4,0.4694,1.325475
299,299,10/13/2022 11:00,Thursday,44,0.1701,900,3.4796,121.4,0.4694,1.325475
300,300,10/13/2022 12:00,Thursday,43,0.1662,900,3.4796,120.4,0.4655,1.325251
301,301,10/13/2022 13:00,Thursday,35,0.1353,900,3.4796,112.4,0.4346,1.323723
302,302,10/13/2022 14:00,Thursday,34,0.1315,600,2.3197,111.4,0.4307,1.261361
303,303,10/13/2022 15:00,Thursday,31,0.1199,600,2.3197,108.4,0.4191,1.261157
304,304,10/13/2022 16:00,Thursday,15,0.058,600,2.3197,92.4,0.3572,1.258305
305,305,10/13/2022 17:00,Thursday,5,0.0193,300,1.1599,82.4,0.3186,1.195943
306,306,10/13/2022 18:00,Thursday,4,0.0155,300,1.1599,81.4,0.3147,1.195943
307,307,10/13/2022 19:00,Thursday,2,0.0077,300,1.1599,79.4,0.307,1.195291
308,308,10/13/2022 20:00,Thursday,2,0.0077,300,1.1599,79.4,0.307,1.195291
309,309,10/13/2022 21:00,Thursday,1,0.0039,300,1.1599,78.4,0.3031,1.195291
310,310,10/13/2022 22:00,Thursday,0,0.0,0,0.0,77.4,0.2992,1.139061
311,311,10/13/2022 23:00,Thursday,0,0.0,0,0.0,77.4,0.2992,1.139061
312,312,10/14/2022 0:00,Friday,0,0.0,0,0.0,77.4,0.2992,1.139061
313,313,10/14/2022 1:00,Friday,0,0.0,0,0.0,77.4,0.2992,1.139061
314,314,10/14/2022 2:00,Friday,0,0.0,0,0.0,77.4,0.2992,1.139061
315,315,10/14/2022 3:00,Friday,0,0.0,0,0.0,77.4,0.2992,1.139061
316,316,10/14/2022 4:00,Friday,0,0.0,0,0.0,77.4,0.2992,1.139061
317,317,10/14/2022 5:00,Friday,0,0.0,0,0.0,77.4,0.2992,1.139061
318,318,10/14/2022 6:00,Friday,0,0.0,0,0.0,77.4,0.2992,1.139061
319,319,10/14/2022 7:00,Friday,0,0.0,0,0.0,77.4,0.2992,1.139061
320,320,10/14/2022 8:00,Friday,3,0.0116,300,1.1599,80.4,0.3108,1.195291
321,321,10/14/2022 9:00,Friday,4,0.0155,300,1.1599,81.4,0.3147,1.195943
322,322,10/14/2022 10:00,Friday,13,0.0503,600,2.3197,90.4,0.3495,1.258081
323,323,10/14/2022 11:00,Friday,14,0.0541,600,2.3197,91.4,0.3534,1.258305
324,324,10/14/2022 12:00,Friday,4,0.0155,300,1.1599,81.4,0.3147,1.195943
325,325,10/14/2022 13:00,Friday,10,0.0387,300,1.1599,87.4,0.3379,1.196819
326,326,10/14/2022 14:00,Friday,11,0.0425,600,2.3197,88.4,0.3418,1.257877
327,327,10/14/2022 15:00,Friday,12,0.0464,600,2.3197,89.4,0.3456,1.257653
328,328,10/14/2022 16:00,Friday,11,0.0425,600,2.3197,88.4,0.3418,1.257877
329,329,10/14/2022 17:00,Friday,5,0.0193,300,1.1599,82.4,0.3186,1.195943
330,330,10/14/2022 18:00,Friday,5,0.0193,300,1.1599,82.4,0.3186,1.195943
331,331,10/14/2022 19:00,Friday,4,0.0155,300,1.1599,81.4,0.3147,1.195943
332,332,10/14/2022 20:00,Friday,2,0.0077,300,1.1599,79.4,0.307,1.195291
333,333,10/14/2022 21:00,Friday,0,0.0,0,0.0,77.4,0.2992,1.139061
334,334,10/14/2022 22:00,Friday,0,0.0,0,0.0,77.4,0.2992,1.139061
335,335,10/14/2022 23:00,Friday,0,0.0,0,0.0,77.4,0.2992,1.139061
336,336,10/15/2022 0:00,Saturday,9,0.0348,300,1.1599,86.4,0.334,1.196595
337,337,10/15/2022 1:00,Saturday,7,0.0271,300,1.1599,84.4,0.3263,1.196167
338,338,10/15/2022 2:00,Saturday,0,0.0,0,0.0,77.4,0.2992,1.139061
339,339,10/15/2022 3:00,Saturday,0,0.0,0,0.0,77.4,0.2992,1.139061
340,340,10/15/2022 4:00,Saturday,0,0.0,0,0.0,77.4,0.2992,1.139061
341,341,10/15/2022 5:00,Saturday,0,0.0,0,0.0,77.4,0.2992,1.139061
342,342,10/15/2022 6:00,Saturday,0,0.0,0,0.0,77.4,0.2992,1.139061
343,343,10/15/2022 7:00,Saturday,0,0.0,0,0.0,77.4,0.2992,1.139061
344,344,10/15/2022 8:00,Saturday,4,0.0155,300,1.1599,81.4,0.3147,1.195943
345,345,10/15/2022 9:00,Saturday,3,0.0116,300,1.1599,80.4,0.3108,1.195291
346,346,10/15/2022 10:00,Saturday,0,0.0,0,0.0,77.4,0.2992,1.139061
347,347,10/15/2022 11:00,Saturday,0,0.0,0,0.0,77.4,0.2992,1.139061
348,348,10/15/2022 12:00,Saturday,0,0.0,0,0.0,77.4,0.2992,1.139061
349,349,10/15/2022 13:00,Saturday,0,0.0,0,0.0,77.4,0.2992,1.139061
350,350,10/15/2022 14:00,Saturday,0,0.0,0,0.0,77.4,0.2992,1.139061
351,351,10/15/2022 15:00,Saturday,0,0.0,0,0.0,77.4,0.2992,1.139061
352,352,10/15/2022 16:00,Saturday,2,0.0077,300,1.1599,79.4,0.307,1.195291
353,353,10/15/2022 17:00,Saturday,3,0.0116,300,1.1599,80.4,0.3108,1.195291
354,354,10/15/2022 18:00,Saturday,5,0.0193,300,1.1599,82.4,0.3186,1.195943
355,355,10/15/2022 19:00,Saturday,10,0.0387,300,1.1599,87.4,0.3379,1.196819
356,356,10/15/2022 20:00,Saturday,11,0.0425,600,2.3197,88.4,0.3418,1.257877
357,357,10/15/2022 21:00,Saturday,9,0.0348,300,1.1599,86.4,0.334,1.196595
358,358,10/15/2022 22:00,Saturday,8,0.0309,300,1.1599,85.4,0.3302,1.196167
359,359,10/15/2022 23:00,Saturday,4,0.0155,300,1.1599,81.4,0.3147,1.195943
360,360,10/16/2022 0:00,Sunday,4,0.0155,300,1.1599,81.4,0.3147,1.195943
361,361,10/16/2022 1:00,Sunday,0,0.0,0,0.0,77.4,0.2992,1.139061
362,362,10/16/2022 2:00,Sunday,0,0.0,0,0.0,77.4,0.2992,1.139061
363,363,10/16/2022 3:00,Sunday,0,0.0,0,0.0,77.4,0.2992,1.139061
364,364,10/16/2022 4:00,Sunday,0,0.0,0,0.0,77.4,0.2992,1.139061
365,365,10/16/2022 5:00,Sunday,0,0.0,0,0.0,77.4,0.2992,1.139061
366,366,10/16/2022 6:00,Sunday,0,0.0,0,0.0,77.4,0.2992,1.139061
367,367,10/16/2022 7:00,Sunday,0,0.0,0,0.0,77.4,0.2992,1.139061
368,368,10/16/2022 8:00,Sunday,0,0.0,0,0.0,77.4,0.2992,1.139061
369,369,10/16/2022 9:00,Sunday,2,0.0077,300,1.1599,79.4,0.307,1.195291
370,370,10/16/2022 10:00,Sunday,3,0.0116,300,1.1599,80.4,0.3108,1.195291
371,371,10/16/2022 11:00,Sunday,0,0.0,0,0.0,77.4,0.2992,1.139061
372,372,10/16/2022 12:00,Sunday,0,0.0,0,0.0,77.4,0.2992,1.139061
373,373,10/16/2022 13:00,Sunday,0,0.0,0,0.0,77.4,0.2992,1.139061
374,374,10/16/2022 14:00,Sunday,0,0.0,0,0.0,77.4,0.2992,1.139061
375,375,10/16/2022 15:00,Sunday,0,0.0,0,0.0,77.4,0.2992,1.139061
376,376,10/16/2022 16:00,Sunday,0,0.0,0,0.0,77.4,0.2992,1.139061
377,377,10/16/2022 17:00,Sunday,2,0.0077,300,1.1599,79.4,0.307,1.195291
378,378,10/16/2022 18:00,Sunday,6,0.0232,300,1.1599,83.4,0.3224,1.196167
379,379,10/16/2022 19:00,Sunday,11,0.0425,600,2.3197,88.4,0.3418,1.257877
380,380,10/16/2022 20:00,Sunday,12,0.0464,600,2.3197,89.4,0.3456,1.257653
381,381,10/16/2022 21:00,Sunday,11,0.0425,600,2.3197,88.4,0.3418,1.257877
382,382,10/16/2022 22:00,Sunday,13,0.0503,600,2.3197,90.4,0.3495,1.258081
383,383,10/16/2022 23:00,Sunday,4,0.0155,300,1.1599,81.4,0.3147,1.195943
384,384,10/17/2022 0:00,Monday,0,0.0,0,0.0,77.4,0.2992,1.139061
385,385,10/17/2022 1:00,Monday,0,0.0,0,0.0,77.4,0.2992,1.139061
386,386,10/17/2022 2:00,Monday,0,0.0,0,0.0,77.4,0.2992,1.139061
387,387,10/17/2022 3:00,Monday,0,0.0,0,0.0,77.4,0.2992,1.139061
388,388,10/17/2022 4:00,Monday,0,0.0,0,0.0,77.4,0.2992,1.139061
389,389,10/17/2022 5:00,Monday,0,0.0,0,0.0,77.4,0.2992,1.139061
390,390,10/17/2022 6:00,Monday,0,0.0,0,0.0,77.4,0.2992,1.139061
391,391,10/17/2022 7:00,Monday,5,0.0193,300,1.1599,82.4,0.3186,1.195943
392,392,10/17/2022 8:00,Monday,23,0.0889,600,2.3197,100.4,0.3882,1.259405
393,393,10/17/2022 9:00,Monday,63,0.2436,900,3.4796,140.4,0.5428,1.329407
394,394,10/17/2022 10:00,Monday,62,0.2397,900,3.4796,139.4,0.539,1.329407
395,395,10/17/2022 11:00,Monday,61,0.2358,900,3.4796,138.4,0.5351,1.328979
396,396,10/17/2022 12:00,Monday,60,0.232,900,3.4796,137.4,0.5312,1.328979
397,397,10/17/2022 13:00,Monday,33,0.1276,600,2.3197,110.4,0.4268,1.261361
398,398,10/17/2022 14:00,Monday,16,0.0619,600,2.3197,93.4,0.3611,1.258529
399,399,10/17/2022 15:00,Monday,14,0.0541,600,2.3197,91.4,0.3534,1.258305
400,400,10/17/2022 16:00,Monday,15,0.058,600,2.3197,92.4,0.3572,1.258305
401,401,10/17/2022 17:00,Monday,13,0.0503,600,2.3197,90.4,0.3495,1.258081
402,402,10/17/2022 18:00,Monday,4,0.0155,300,1.1599,81.4,0.3147,1.195943
403,403,10/17/2022 19:00,Monday,5,0.0193,300,1.1599,82.4,0.3186,1.195943
404,404,10/17/2022 20:00,Monday,1,0.0039,300,1.1599,78.4,0.3031,1.195291
405,405,10/17/2022 21:00,Monday,0,0.0,0,0.0,77.4,0.2992,1.139061
406,406,10/17/2022 22:00,Monday,0,0.0,0,0.0,77.4,0.2992,1.139061
407,407,10/17/2022 23:00,Monday,0,0.0,0,0.0,77.4,0.2992,1.139061
408,408,10/18/2022 0:00,Tuesday,0,0.0,0,0.0,77.4,0.2992,1.139061
409,409,10/18/2022 1:00,Tuesday,0,0.0,0,0.0,77.4,0.2992,1.139061
410,410,10/18/2022 2:00,Tuesday,0,0.0,0,0.0,77.4,0.2992,1.139061
411,411,10/18/2022 3:00,Tuesday,0,0.0,0,0.0,77.4,0.2992,1.139061
412,412,10/18/2022 4:00,Tuesday,0,0.0,0,0.0,77.4,0.2992,1.139061
413,413,10/18/2022 5:00,Tuesday,0,0.0,0,0.0,77.4,0.2992,1.139061
414,414,10/18/2022 6:00,Tuesday,0,0.0,0,0.0,77.4,0.2992,1.139061
415,415,10/18/2022 7:00,Tuesday,0,0.0,0,0.0,77.4,0.2992,1.139061
416,416,10/18/2022 8:00,Tuesday,4,0.0155,300,1.1599,81.4,0.3147,1.195943
417,417,10/18/2022 9:00,Tuesday,13,0.0503,600,2.3197,90.4,0.3495,1.258081
418,418,10/18/2022 10:00,Tuesday,43,0.1662,900,3.4796,120.4,0.4655,1.325251
419,419,10/18/2022 11:00,Tuesday,43,0.1662,900,3.4796,120.4,0.4655,1.325251
420,420,10/18/2022 12:00,Tuesday,44,0.1701,900,3.4796,121.4,0.4694,1.325475
421,421,10/18/2022 13:00,Tuesday,33,0.1276,600,2.3197,110.4,0.4268,1.261361
422,422,10/18/2022 14:00,Tuesday,34,0.1315,600,2.3197,111.4,0.4307,1.261361
423,423,10/18/2022 15:00,Tuesday,31,0.1199,600,2.3197,108.4,0.4191,1.261157
424,424,10/18/2022 16:00,Tuesday,17,0.0657,600,2.3197,94.4,0.365,1.258529
425,425,10/18/2022 17:00,Tuesday,6,0.0232,300,1.1599,83.4,0.3224,1.196167
426,426,10/18/2022 18:00,Tuesday,3,0.0116,300,1.1599,80.4,0.3108,1.195291
427,427,10/18/2022 19:00,Tuesday,3,0.0116,300,1.1599,80.4,0.3108,1.195291
428,428,10/18/2022 20:00,Tuesday,4,0.0155,300,1.1599,81.4,0.3147,1.195943
429,429,10/18/2022 21:00,Tuesday,3,0.0116,300,1.1599,80.4,0.3108,1.195291
430,430,10/18/2022 22:00,Tuesday,0,0.0,0,0.0,77.4,0.2992,1.139061
431,431,10/18/2022 23:00,Tuesday,0,0.0,0,0.0,77.4,0.2992,1.139061
432,432,10/19/2022 0:00,Wednesday,0,0.0,0,0.0,77.4,0.2992,1.139061
433,433,10/19/2022 1:00,Wednesday,0,0.0,0,0.0,77.4,0.2992,1.139061
434,434,10/19/2022 2:00,Wednesday,0,0.0,0,0.0,77.4,0.2992,1.139061
435,435,10/19/2022 3:00,Wednesday,0,0.0,0,0.0,77.4,0.2992,1.139061
436,436,10/19/2022 4:00,Wednesday,0,0.0,0,0.0,77.4,0.2992,1.139061
437,437,10/19/2022 5:00,Wednesday,0,0.0,0,0.0,77.4,0.2992,1.139061
438,438,10/19/2022 6:00,Wednesday,0,0.0,0,0.0,77.4,0.2992,1.139061
439,439,10/19/2022 7:00,Wednesday,4,0.0155,300,1.1599,81.4,0.3147,1.195943
440,440,10/19/2022 8:00,Wednesday,21,0.0812,600,2.3197,98.4,0.3804,1.259405
441,441,10/19/2022 9:00,Wednesday,62,0.2397,900,3.4796,139.4,0.539,1.329407
442,442,10/19/2022 10:00,Wednesday,64,0.2474,900,3.4796,141.4,0.5467,1.329407
443,443,10/19/2022 11:00,Wednesday,60,0.232,900,3.4796,137.4,0.5312,1.328979
444,444,10/19/2022 12:00,Wednesday,60,0.232,900,3.4796,137.4,0.5312,1.328979
445,445,10/19/2022 13:00,Wednesday,33,0.1276,600,2.3197,110.4,0.4268,1.261361
446,446,10/19/2022 14:00,Wednesday,13,0.0503,600,2.3197,90.4,0.3495,1.258081
447,447,10/19/2022 15:00,Wednesday,15,0.058,600,2.3197,92.4,0.3572,1.258305
448,448,10/19/2022 16:00,Wednesday,14,0.0541,600,2.3197,91.4,0.3534,1.258305
449,449,10/19/2022 17:00,Wednesday,13,0.0503,600,2.3197,90.4,0.3495,1.258081
450,450,10/19/2022 18:00,Wednesday,6,0.0232,300,1.1599,83.4,0.3224,1.196167
451,451,10/19/2022 19:00,Wednesday,5,0.0193,300,1.1599,82.4,0.3186,1.195943
452,452,10/19/2022 20:00,Wednesday,3,0.0116,300,1.1599,80.4,0.3108,1.195291
453,453,10/19/2022 21:00,Wednesday,0,0.0,0,0.0,77.4,0.2992,1.139061
454,454,10/19/2022 22:00,Wednesday,0,0.0,0,0.0,77.4,0.2992,1.139061
455,455,10/19/2022 23:00,Wednesday,0,0.0,0,0.0,77.4,0.2992,1.139061
456,456,10/20/2022 0:00,Thursday,0,0.0,0,0.0,77.4,0.2992,1.139061
457,457,10/20/2022 1:00,Thursday,0,0.0,0,0.0,77.4,0.2992,1.139061
458,458,10/20/2022 2:00,Thursday,0,0.0,0,0.0,77.4,0.2992,1.139061
459,459,10/20/2022 3:00,Thursday,0,0.0,0,0.0,77.4,0.2992,1.139061
460,460,10/20/2022 4:00,Thursday,0,0.0,0,0.0,77.4,0.2992,1.139061
461,461,10/20/2022 5:00,Thursday,0,0.0,0,0.0,77.4,0.2992,1.139061
462,462,10/20/2022 6:00,Thursday,0,0.0,0,0.0,77.4,0.2992,1.139061
463,463,10/20/2022 7:00,Thursday,0,0.0,0,0.0,77.4,0.2992,1.139061
464,464,10/20/2022 8:00,Thursday,4,0.0155,300,1.1599,81.4,0.3147,1.195943
465,465,10/20/2022 9:00,Thursday,13,0.0503,600,2.3197,90.4,0.3495,1.258081
466,466,10/20/2022 10:00,Thursday,45,0.174,900,3.4796,122.4,0.4732,1.325699
467,467,10/20/2022 11:00,Thursday,42,0.1624,900,3.4796,119.4,0.4616,1.325047
468,468,10/20/2022 12:00,Thursday,42,0.1624,900,3.4796,119.4,0.4616,1.325047
469,469,10/20/2022 13:00,Thursday,34,0.1315,600,2.3197,111.4,0.4307,1.261361
470,470,10/20/2022 14:00,Thursday,34,0.1315,600,2.3197,111.4,0.4307,1.261361
471,471,10/20/2022 15:00,Thursday,31,0.1199,600,2.3197,108.4,0.4191,1.261157
472,472,10/20/2022 16:00,Thursday,16,0.0619,600,2.3197,93.4,0.3611,1.258529
473,473,10/20/2022 17:00,Thursday,6,0.0232,300,1.1599,83.4,0.3224,1.196167
474,474,10/20/2022 18:00,Thursday,3,0.0116,300,1.1599,80.4,0.3108,1.195291
475,475,10/20/2022 19:00,Thursday,4,0.0155,300,1.1599,81.4,0.3147,1.195943
476,476,10/20/2022 20:00,Thursday,2,0.0077,300,1.1599,79.4,0.307,1.195291
477,477,10/20/2022 21:00,Thursday,2,0.0077,300,1.1599,79.4,0.307,1.195291
478,478,10/20/2022 22:00,Thursday,0,0.0,0,0.0,77.4,0.2992,1.139061
479,479,10/20/2022 23:00,Thursday,0,0.0,0,0.0,77.4,0.2992,1.139061
480,480,10/21/2022 0:00,Friday,0,0.0,0,0.0,77.4,0.2992,1.139061
481,481,10/21/2022 1:00,Friday,0,0.0,0,0.0,77.4,0.2992,1.139061
482,482,10/21/2022 2:00,Friday,0,0.0,0,0.0,77.4,0.2992,1.139061
483,483,10/21/2022 3:00,Friday,0,0.0,0,0.0,77.4,0.2992,1.139061
484,484,10/21/2022 4:00,Friday,0,0.0,0,0.0,77.4,0.2992,1.139061
485,485,10/21/2022 5:00,Friday,0,0.0,0,0.0,77.4,0.2992,1.139061
486,486,10/21/2022 6:00,Friday,0,0.0,0,0.0,77.4,0.2992,1.139061
487,487,10/21/2022 7:00,Friday,0,0.0,0,0.0,77.4,0.2992,1.139061
488,488,10/21/2022 8:00,Friday,4,0.0155,300,1.1599,81.4,0.3147,1.195943
489,489,10/21/2022 9:00,Friday,10,0.0387,300,1.1599,87.4,0.3379,1.196819
490,490,10/21/2022 10:00,Friday,13,0.0503,600,2.3197,90.4,0.3495,1.258081
491,491,10/21/2022 11:00,Friday,14,0.0541,600,2.3197,91.4,0.3534,1.258305
492,492,10/21/2022 12:00,Friday,3,0.0116,300,1.1599,80.4,0.3108,1.195291
493,493,10/21/2022 13:00,Friday,11,0.0425,600,2.3197,88.4,0.3418,1.257877
494,494,10/21/2022 14:00,Friday,14,0.0541,600,2.3197,91.4,0.3534,1.258305
495,495,10/21/2022 15:00,Friday,14,0.0541,600,2.3197,91.4,0.3534,1.258305
496,496,10/21/2022 16:00,Friday,11,0.0425,600,2.3197,88.4,0.3418,1.257877
497,497,10/21/2022 17:00,Friday,6,0.0232,300,1.1599,83.4,0.3224,1.196167
498,498,10/21/2022 18:00,Friday,5,0.0193,300,1.1599,82.4,0.3186,1.195943
499,499,10/21/2022 19:00,Friday,3,0.0116,300,1.1599,80.4,0.3108,1.195291
500,500,10/21/2022 20:00,Friday,2,0.0077,300,1.1599,79.4,0.307,1.195291
501,501,10/21/2022 21:00,Friday,0,0.0,0,0.0,77.4,0.2992,1.139061
502,502,10/21/2022 22:00,Friday,0,0.0,0,0.0,77.4,0.2992,1.139061
503,503,10/21/2022 23:00,Friday,0,0.0,0,0.0,77.4,0.2992,1.139061
504,504,10/22/2022 0:00,Saturday,11,0.0425,600,2.3197,88.4,0.3418,1.257877
505,505,10/22/2022 1:00,Saturday,5,0.0193,300,1.1599,82.4,0.3186,1.195943
506,506,10/22/2022 2:00,Saturday,0,0.0,0,0.0,77.4,0.2992,1.139061
507,507,10/22/2022 3:00,Saturday,0,0.0,0,0.0,77.4,0.2992,1.139061
508,508,10/22/2022 4:00,Saturday,0,0.0,0,0.0,77.4,0.2992,1.139061
509,509,10/22/2022 5:00,Saturday,0,0.0,0,0.0,77.4,0.2992,1.139061
510,510,10/22/2022 6:00,Saturday,0,0.0,0,0.0,77.4,0.2992,1.139061
511,511,10/22/2022 7:00,Saturday,0,0.0,0,0.0,77.4,0.2992,1.139061
512,512,10/22/2022 8:00,Saturday,2,0.0077,300,1.1599,79.4,0.307,1.195291
513,513,10/22/2022 9:00,Saturday,3,0.0116,300,1.1599,80.4,0.3108,1.195291
514,514,10/22/2022 10:00,Saturday,0,0.0,0,0.0,77.4,0.2992,1.139061
515,515,10/22/2022 11:00,Saturday,0,0.0,0,0.0,77.4,0.2992,1.139061
516,516,10/22/2022 12:00,Saturday,0,0.0,0,0.0,77.4,0.2992,1.139061
517,517,10/22/2022 13:00,Saturday,0,0.0,0,0.0,77.4,0.2992,1.139061
518,518,10/22/2022 14:00,Saturday,0,0.0,0,0.0,77.4,0.2992,1.139061
519,519,10/22/2022 15:00,Saturday,0,0.0,0,0.0,77.4,0.2992,1.139061
520,520,10/22/2022 16:00,Saturday,0,0.0,0,0.0,77.4,0.2992,1.139061
521,521,10/22/2022 17:00,Saturday,3,0.0116,300,1.1599,80.4,0.3108,1.195291
522,522,10/22/2022 18:00,Saturday,3,0.0116,300,1.1599,80.4,0.3108,1.195291
523,523,10/22/2022 19:00,Saturday,8,0.0309,300,1.1599,85.4,0.3302,1.196167
524,524,10/22/2022 20:00,Saturday,9,0.0348,300,1.1599,86.4,0.334,1.196595
525,525,10/22/2022 21:00,Saturday,11,0.0425,600,2.3197,88.4,0.3418,1.257877
526,526,10/22/2022 22:00,Saturday,10,0.0387,300,1.1599,87.4,0.3379,1.196819
527,527,10/22/2022 23:00,Saturday,6,0.0232,300,1.1599,83.4,0.3224,1.196167
528,528,10/23/2022 0:00,Sunday,5,0.0193,300,1.1599,82.4,0.3186,1.195943
529,529,10/23/2022 1:00,Sunday,0,0.0,0,0.0,77.4,0.2992,1.139061
530,530,10/23/2022 2:00,Sunday,0,0.0,0,0.0,77.4,0.2992,1.139061
531,531,10/23/2022 3:00,Sunday,0,0.0,0,0.0,77.4,0.2992,1.139061
532,532,10/23/2022 4:00,Sunday,0,0.0,0,0.0,77.4,0.2992,1.139061
533,533,10/23/2022 5:00,Sunday,0,0.0,0,0.0,77.4,0.2992,1.139061
534,534,10/23/2022 6:00,Sunday,0,0.0,0,0.0,77.4,0.2992,1.139061
535,535,10/23/2022 7:00,Sunday,0,0.0,0,0.0,77.4,0.2992,1.139061
536,536,10/23/2022 8:00,Sunday,0,0.0,0,0.0,77.4,0.2992,1.139061
537,537,10/23/2022 9:00,Sunday,2,0.0077,300,1.1599,79.4,0.307,1.195291
538,538,10/23/2022 10:00,Sunday,2,0.0077,300,1.1599,79.4,0.307,1.195291
539,539,10/23/2022 11:00,Sunday,0,0.0,0,0.0,77.4,0.2992,1.139061
540,540,10/23/2022 12:00,Sunday,0,0.0,0,0.0,77.4,0.2992,1.139061
541,541,10/23/2022 13:00,Sunday,0,0.0,0,0.0,77.4,0.2992,1.139061
542,542,10/23/2022 14:00,Sunday,0,0.0,0,0.0,77.4,0.2992,1.139061
543,543,10/23/2022 15:00,Sunday,0,0.0,0,0.0,77.4,0.2992,1.139061
544,544,10/23/2022 16:00,Sunday,3,0.0116,300,1.1599,80.4,0.3108,1.195291
545,545,10/23/2022 17:00,Sunday,5,0.0193,300,1.1599,82.4,0.3186,1.195943
546,546,10/23/2022 18:00,Sunday,6,0.0232,300,1.1599,83.4,0.3224,1.196167
547,547,10/23/2022 19:00,Sunday,11,0.0425,600,2.3197,88.4,0.3418,1.257877
548,548,10/23/2022 20:00,Sunday,10,0.0387,300,1.1599,87.4,0.3379,1.196819
549,549,10/23/2022 21:00,Sunday,12,0.0464,600,2.3197,89.4,0.3456,1.257653
550,550,10/23/2022 22:00,Sunday,14,0.0541,600,2.3197,91.4,0.3534,1.258305
551,551,10/23/2022 23:00,Sunday,6,0.0232,300,1.1599,83.4,0.3224,1.196167
552,552,10/24/2022 0:00,Monday,0,0.0,0,0.0,77.4,0.2992,1.139061
553,553,10/24/2022 1:00,Monday,0,0.0,0,0.0,77.4,0.2992,1.139061
554,554,10/24/2022 2:00,Monday,0,0.0,0,0.0,77.4,0.2992,1.139061
555,555,10/24/2022 3:00,Monday,0,0.0,0,0.0,77.4,0.2992,1.139061
556,556,10/24/2022 4:00,Monday,0,0.0,0,0.0,77.4,0.2992,1.139061
557,557,10/24/2022 5:00,Monday,0,0.0,0,0.0,77.4,0.2992,1.139061
558,558,10/24/2022 6:00,Monday,0,0.0,0,0.0,77.4,0.2992,1.139061
559,559,10/24/2022 7:00,Monday,7,0.0271,300,1.1599,84.4,0.3263,1.196167
560,560,10/24/2022 8:00,Monday,21,0.0812,600,2.3197,98.4,0.3804,1.259405
561,561,10/24/2022 9:00,Monday,65,0.2513,900,3.4796,142.4,0.5506,1.329631
562,562,10/24/2022 10:00,Monday,63,0.2436,900,3.4796,140.4,0.5428,1.329407
563,563,10/24/2022 11:00,Monday,60,0.232,900,3.4796,137.4,0.5312,1.328979
564,564,10/24/2022 12:00,Monday,58,0.2242,900,3.4796,135.4,0.5235,1.328531
565,565,10/24/2022 13:00,Monday,33,0.1276,600,2.3197,110.4,0.4268,1.261361
566,566,10/24/2022 14:00,Monday,16,0.0619,600,2.3197,93.4,0.3611,1.258529
567,567,10/24/2022 15:00,Monday,14,0.0541,600,2.3197,91.4,0.3534,1.258305
568,568,10/24/2022 16:00,Monday,14,0.0541,600,2.3197,91.4,0.3534,1.258305
569,569,10/24/2022 17:00,Monday,12,0.0464,600,2.3197,89.4,0.3456,1.257653
570,570,10/24/2022 18:00,Monday,6,0.0232,300,1.1599,83.4,0.3224,1.196167
571,571,10/24/2022 19:00,Monday,3,0.0116,300,1.1599,80.4,0.3108,1.195291
572,572,10/24/2022 20:00,Monday,2,0.0077,300,1.1599,79.4,0.307,1.195291
573,573,10/24/2022 21:00,Monday,0,0.0,0,0.0,77.4,0.2992,1.139061
574,574,10/24/2022 22:00,Monday,0,0.0,0,0.0,77.4,0.2992,1.139061
575,575,10/24/2022 23:00,Monday,0,0.0,0,0.0,77.4,0.2992,1.139061
576,576,10/25/2022 0:00,Tuesday,0,0.0,0,0.0,77.4,0.2992,1.139061
577,577,10/25/2022 1:00,Tuesday,0,0.0,0,0.0,77.4,0.2992,1.139061
578,578,10/25/2022 2:00,Tuesday,0,0.0,0,0.0,77.4,0.2992,1.139061
579,579,10/25/2022 3:00,Tuesday,0,0.0,0,0.0,77.4,0.2992,1.139061
580,580,10/25/2022 4:00,Tuesday,0,0.0,0,0.0,77.4,0.2992,1.139061
581,581,10/25/2022 5:00,Tuesday,0,0.0,0,0.0,77.4,0.2992,1.139061
582,582,10/25/2022 6:00,Tuesday,0,0.0,0,0.0,77.4,0.2992,1.139061
583,583,10/25/2022 7:00,Tuesday,0,0.0,0,0.0,77.4,0.2992,1.139061
584,584,10/25/2022 8:00,Tuesday,4,0.0155,300,1.1599,81.4,0.3147,1.195943
585,585,10/25/2022 9:00,Tuesday,16,0.0619,600,2.3197,93.4,0.3611,1.258529
586,586,10/25/2022 10:00,Tuesday,45,0.174,900,3.4796,122.4,0.4732,1.325699
587,587,10/25/2022 11:00,Tuesday,44,0.1701,900,3.4796,121.4,0.4694,1.325475
588,588,10/25/2022 12:00,Tuesday,44,0.1701,900,3.4796,121.4,0.4694,1.325475
589,589,10/25/2022 13:00,Tuesday,34,0.1315,600,2.3197,111.4,0.4307,1.261361
590,590,10/25/2022 14:00,Tuesday,34,0.1315,600,2.3197,111.4,0.4307,1.261361
591,591,10/25/2022 15:00,Tuesday,31,0.1199,600,2.3197,108.4,0.4191,1.261157
592,592,10/25/2022 16:00,Tuesday,14,0.0541,600,2.3197,91.4,0.3534,1.258305
593,593,10/25/2022 17:00,Tuesday,6,0.0232,300,1.1599,83.4,0.3224,1.196167
594,594,10/25/2022 18:00,Tuesday,3,0.0116,300,1.1599,80.4,0.3108,1.195291
595,595,10/25/2022 19:00,Tuesday,3,0.0116,300,1.1599,80.4,0.3108,1.195291
596,596,10/25/2022 20:00,Tuesday,2,0.0077,300,1.1599,79.4,0.307,1.195291
597,597,10/25/2022 21:00,Tuesday,0,0.0,0,0.0,77.4,0.2992,1.139061
598,598,10/25/2022 22:00,Tuesday,0,0.0,0,0.0,77.4,0.2992,1.139061
599,599,10/25/2022 23:00,Tuesday,0,0.0,0,0.0,77.4,0.2992,1.139061
600,600,10/26/2022 0:00,Wednesday,0,0.0,0,0.0,77.4,0.2992,1.139061
601,601,10/26/2022 1:00,Wednesday,0,0.0,0,0.0,77.4,0.2992,1.139061
602,602,10/26/2022 2:00,Wednesday,0,0.0,0,0.0,77.4,0.2992,1.139061
603,603,10/26/2022 3:00,Wednesday,0,0.0,0,0.0,77.4,0.2992,1.139061
604,604,10/26/2022 4:00,Wednesday,0,0.0,0,0.0,77.4,0.2992,1.139061
605,605,10/26/2022 5:00,Wednesday,0,0.0,0,0.0,77.4,0.2992,1.139061
606,606,10/26/2022 6:00,Wednesday,0,0.0,0,0.0,77.4,0.2992,1.139061
607,607,10/26/2022 7:00,Wednesday,6,0.0232,300,1.1599,83.4,0.3224,1.196167
608,608,10/26/2022 8:00,Wednesday,21,0.0812,600,2.3197,98.4,0.3804,1.259405
609,609,10/26/2022 9:00,Wednesday,63,0.2436,900,3.4796,140.4,0.5428,1.329407
610,610,10/26/2022 10:00,Wednesday,63,0.2436,900,3.4796,140.4,0.5428,1.329407
611,611,10/26/2022 11:00,Wednesday,5,0.0193,300,1.1599,82.4,0.3186,1.195943
612,612,10/26/2022 12:00,Wednesday,50,0.1933,900,3.4796,127.4,0.4926,1.326575
613,613,10/26/2022 13:00,Wednesday,33,0.1276,600,2.3197,110.4,0.4268,1.261361
614,614,10/26/2022 14:00,Wednesday,14,0.0541,600,2.3197,91.4,0.3534,1.258305
615,615,10/26/2022 15:00,Wednesday,15,0.058,600,2.3197,92.4,0.3572,1.258305
616,616,10/26/2022 16:00,Wednesday,13,0.0503,600,2.3197,90.4,0.3495,1.258081
617,617,10/26/2022 17:00,Wednesday,11,0.0425,600,2.3197,88.4,0.3418,1.257877
618,618,10/26/2022 18:00,Wednesday,6,0.0232,300,1.1599,83.4,0.3224,1.196167
619,619,10/26/2022 19:00,Wednesday,6,0.0232,300,1.1599,83.4,0.3224,1.196167
620,620,10/26/2022 20:00,Wednesday,5,0.0193,300,1.1599,82.4,0.3186,1.195943
621,621,10/26/2022 21:00,Wednesday,0,0.0,0,0.0,77.4,0.2992,1.139061
622,622,10/26/2022 22:00,Wednesday,0,0.0,0,0.0,77.4,0.2992,1.139061
623,623,10/26/2022 23:00,Wednesday,0,0.0,0,0.0,77.4,0.2992,1.139061
624,624,10/27/2022 0:00,Thursday,0,0.0,0,0.0,77.4,0.2992,1.139061
625,625,10/27/2022 1:00,Thursday,0,0.0,0,0.0,77.4,0.2992,1.139061
626,626,10/27/2022 2:00,Thursday,0,0.0,0,0.0,77.4,0.2992,1.139061
627,627,10/27/2022 3:00,Thursday,0,0.0,0,0.0,77.4,0.2992,1.139061
628,628,10/27/2022 4:00,Thursday,0,0.0,0,0.0,77.4,0.2992,1.139061
629,629,10/27/2022 5:00,Thursday,0,0.0,0,0.0,77.4,0.2992,1.139061
630,630,10/27/2022 6:00,Thursday,0,0.0,0,0.0,77.4,0.2992,1.139061
631,631,10/27/2022 7:00,Thursday,0,0.0,0,0.0,77.4,0.2992,1.139061
632,632,10/27/2022 8:00,Thursday,6,0.0232,300,1.1599,83.4,0.3224,1.196167
633,633,10/27/2022 9:00,Thursday,14,0.0541,600,2.3197,91.4,0.3534,1.258305
634,634,10/27/2022 10:00,Thursday,44,0.1701,900,3.4796,121.4,0.4694,1.325475
635,635,10/27/2022 11:00,Thursday,43,0.1662,900,3.4796,120.4,0.4655,1.325251
636,636,10/27/2022 12:00,Thursday,44,0.1701,900,3.4796,121.4,0.4694,1.325475
637,637,10/27/2022 13:00,Thursday,33,0.1276,600,2.3197,110.4,0.4268,1.261361
638,638,10/27/2022 14:00,Thursday,34,0.1315,600,2.3197,111.4,0.4307,1.261361
639,639,10/27/2022 15:00,Thursday,32,0.1237,600,2.3197,109.4,0.423,1.261157
640,640,10/27/2022 16:00,Thursday,14,0.0541,600,2.3197,91.4,0.3534,1.258305
641,641,10/27/2022 17:00,Thursday,6,0.0232,300,1.1599,83.4,0.3224,1.196167
642,642,10/27/2022 18:00,Thursday,4,0.0155,300,1.1599,81.4,0.3147,1.195943
643,643,10/27/2022 19:00,Thursday,3,0.0116,300,1.1599,80.4,0.3108,1.195291
644,644,10/27/2022 20:00,Thursday,2,0.0077,300,1.1599,79.4,0.307,1.195291
645,645,10/27/2022 21:00,Thursday,2,0.0077,300,1.1599,79.4,0.307,1.195291
646,646,10/27/2022 22:00,Thursday,0,0.0,0,0.0,77.4,0.2992,1.139061
647,647,10/27/2022 23:00,Thursday,0,0.0,0,0.0,77.4,0.2992,1.139061
648,648,10/28/2022 0:00,Friday,0,0.0,0,0.0,77.4,0.2992,1.139061
649,649,10/28/2022 1:00,Friday,0,0.0,0,0.0,77.4,0.2992,1.139061
650,650,10/28/2022 2:00,Friday,0,0.0,0,0.0,77.4,0.2992,1.139061
651,651,10/28/2022 3:00,Friday,0,0.0,0,0.0,77.4,0.2992,1.139061
652,652,10/28/2022 4:00,Friday,0,0.0,0,0.0,77.4,0.2992,1.139061
653,653,10/28/2022 5:00,Friday,0,0.0,0,0.0,77.4,0.2992,1.139061
654,654,10/28/2022 6:00,Friday,0,0.0,0,0.0,77.4,0.2992,1.139061
655,655,10/28/2022 7:00,Friday,0,0.0,0,0.0,77.4,0.2992,1.139061
656,656,10/28/2022 8:00,Friday,4,0.0155,300,1.1599,81.4,0.3147,1.195943
657,657,10/28/2022 9:00,Friday,12,0.0464,600,2.3197,89.4,0.3456,1.257653
658,658,10/28/2022 10:00,Friday,11,0.0425,600,2.3197,88.4,0.3418,1.257877
659,659,10/28/2022 11:00,Friday,12,0.0464,600,2.3197,89.4,0.3456,1.257653
660,660,10/28/2022 12:00,Friday,3,0.0116,300,1.1599,80.4,0.3108,1.195291
661,661,10/28/2022 13:00,Friday,15,0.058,600,2.3197,92.4,0.3572,1.258305
662,662,10/28/2022 14:00,Friday,12,0.0464,600,2.3197,89.4,0.3456,1.257653
663,663,10/28/2022 15:00,Friday,12,0.0464,600,2.3197,89.4,0.3456,1.257653
664,664,10/28/2022 16:00,Friday,11,0.0425,600,2.3197,88.4,0.3418,1.257877
665,665,10/28/2022 17:00,Friday,6,0.0232,300,1.1599,83.4,0.3224,1.196167
666,666,10/28/2022 18:00,Friday,6,0.0232,300,1.1599,83.4,0.3224,1.196167
667,667,10/28/2022 19:00,Friday,3,0.0116,300,1.1599,80.4,0.3108,1.195291
668,668,10/28/2022 20:00,Friday,3,0.0116,300,1.1599,80.4,0.3108,1.195291
669,669,10/28/2022 21:00,Friday,0,0.0,0,0.0,77.4,0.2992,1.139061
670,670,10/28/2022 22:00,Friday,0,0.0,0,0.0,77.4,0.2992,1.139061
671,671,10/28/2022 23:00,Friday,0,0.0,0,0.0,77.4,0.2992,1.139061
672,672,10/29/2022 0:00,Saturday,11,0.0425,600,2.3197,88.4,0.3418,1.257877
673,673,10/29/2022 1:00,Saturday,5,0.0193,300,1.1599,82.4,0.3186,1.195943
674,674,10/29/2022 2:00,Saturday,0,0.0,0,0.0,77.4,0.2992,1.139061
675,675,10/29/2022 3:00,Saturday,0,0.0,0,0.0,77.4,0.2992,1.139061
676,676,10/29/2022 4:00,Saturday,0,0.0,0,0.0,77.4,0.2992,1.139061
677,677,10/29/2022 5:00,Saturday,0,0.0,0,0.0,77.4,0.2992,1.139061
678,678,10/29/2022 6:00,Saturday,0,0.0,0,0.0,77.4,0.2992,1.139061
679,679,10/29/2022 7:00,Saturday,3,0.0116,300,1.1599,80.4,0.3108,1.195291
680,680,10/29/2022 8:00,Saturday,3,0.0116,300,1.1599,80.4,0.3108,1.195291
681,681,10/29/2022 9:00,Saturday,0,0.0,0,0.0,77.4,0.2992,1.139061
682,682,10/29/2022 10:00,Saturday,0,0.0,0,0.0,77.4,0.2992,1.139061
683,683,10/29/2022 11:00,Saturday,0,0.0,0,0.0,77.4,0.2992,1.139061
684,684,10/29/2022 12:00,Saturday,0,0.0,0,0.0,77.4,0.2992,1.139061
685,685,10/29/2022 13:00,Saturday,0,0.0,0,0.0,77.4,0.2992,1.139061
686,686,10/29/2022 14:00,Saturday,0,0.0,0,0.0,77.4,0.2992,1.139061
687,687,10/29/2022 15:00,Saturday,0,0.0,0,0.0,77.4,0.2992,1.139061
688,688,10/29/2022 16:00,Saturday,2,0.0077,300,1.1599,79.4,0.307,1.195291
689,689,10/29/2022 17:00,Saturday,4,0.0155,300,1.1599,81.4,0.3147,1.195943
690,690,10/29/2022 18:00,Saturday,4,0.0155,300,1.1599,81.4,0.3147,1.195943
691,691,10/29/2022 19:00,Saturday,11,0.0425,600,2.3197,88.4,0.3418,1.257877
692,692,10/29/2022 20:00,Saturday,11,0.0425,600,2.3197,88.4,0.3418,1.257877
693,693,10/29/2022 21:00,Saturday,12,0.0464,600,2.3197,89.4,0.3456,1.257653
694,694,10/29/2022 22:00,Saturday,8,0.0309,300,1.1599,85.4,0.3302,1.196167
695,695,10/29/2022 23:00,Saturday,5,0.0193,300,1.1599,82.4,0.3186,1.195943
696,696,10/30/2022 0:00,Sunday,5,0.0193,300,1.1599,82.4,0.3186,1.195943
697,697,10/30/2022 1:00,Sunday,0,0.0,0,0.0,77.4,0.2992,1.139061
698,698,10/30/2022 2:00,Sunday,0,0.0,0,0.0,77.4,0.2992,1.139061
699,699,10/30/2022 3:00,Sunday,0,0.0,0,0.0,77.4,0.2992,1.139061
700,700,10/30/2022 4:00,Sunday,0,0.0,0,0.0,77.4,0.2992,1.139061
701,701,10/30/2022 5:00,Sunday,0,0.0,0,0.0,77.4,0.2992,1.139061
702,702,10/30/2022 6:00,Sunday,0,0.0,0,0.0,77.4,0.2992,1.139061
703,703,10/30/2022 7:00,Sunday,0,0.0,0,0.0,77.4,0.2992,1.139061
704,704,10/30/2022 8:00,Sunday,0,0.0,0,0.0,77.4,0.2992,1.139061
705,705,10/30/2022 9:00,Sunday,3,0.0116,300,1.1599,80.4,0.3108,1.195291
706,706,10/30/2022 10:00,Sunday,3,0.0116,300,1.1599,80.4,0.3108,1.195291
707,707,10/30/2022 11:00,Sunday,0,0.0,0,0.0,77.4,0.2992,1.139061
708,708,10/30/2022 12:00,Sunday,0,0.0,0,0.0,77.4,0.2992,1.139061
709,709,10/30/2022 13:00,Sunday,0,0.0,0,0.0,77.4,0.2992,1.139061
710,710,10/30/2022 14:00,Sunday,0,0.0,0,0.0,77.4,0.2992,1.139061
711,711,10/30/2022 15:00,Sunday,0,0.0,0,0.0,77.4,0.2992,1.139061
712,712,10/30/2022 16:00,Sunday,2,0.0077,300,1.1599,79.4,0.307,1.195291
713,713,10/30/2022 17:00,Sunday,2,0.0077,300,1.1599,79.4,0.307,1.195291
714,714,10/30/2022 18:00,Sunday,6,0.0232,300,1.1599,83.4,0.3224,1.196167
715,715,10/30/2022 19:00,Sunday,11,0.0425,600,2.3197,88.4,0.3418,1.257877
716,716,10/30/2022 20:00,Sunday,12,0.0464,600,2.3197,89.4,0.3456,1.257653
717,717,10/30/2022 21:00,Sunday,12,0.0464,600,2.3197,89.4,0.3456,1.257653
718,718,10/30/2022 22:00,Sunday,13,0.0503,600,2.3197,90.4,0.3495,1.258081
719,719,10/30/2022 23:00,Sunday,6,0.0232,300,1.1599,83.4,0.3224,1.196167
720,720,10/31/2022 0:00,Monday,0,0.0,0,0.0,77.4,0.2992,1.139061
721,721,10/31/2022 1:00,Monday,0,0.0,0,0.0,77.4,0.2992,1.139061
722,722,10/31/2022 2:00,Monday,0,0.0,0,0.0,77.4,0.2992,1.139061
723,723,10/31/2022 3:00,Monday,0,0.0,0,0.0,77.4,0.2992,1.139061
724,724,10/31/2022 4:00,Monday,0,0.0,0,0.0,77.4,0.2992,1.139061
725,725,10/31/2022 5:00,Monday,0,0.0,0,0.0,77.4,0.2992,1.139061
726,726,10/31/2022 6:00,Monday,0,0.0,0,0.0,77.4,0.2992,1.139061
727,727,10/31/2022 7:00,Monday,4,0.0155,300,1.1599,81.4,0.3147,1.195943
728,728,10/31/2022 8:00,Monday,21,0.0812,600,2.3197,98.4,0.3804,1.259405
729,729,10/31/2022 9:00,Monday,62,0.2397,900,3.4796,139.4,0.539,1.329407
730,730,10/31/2022 10:00,Monday,63,0.2436,900,3.4796,140.4,0.5428,1.329407
731,731,10/31/2022 11:00,Monday,61,0.2358,900,3.4796,138.4,0.5351,1.328979
732,732,10/31/2022 12:00,Monday,60,0.232,900,3.4796,137.4,0.5312,1.328979
733,733,10/31/2022 13:00,Monday,31,0.1199,600,2.3197,108.4,0.4191,1.261157
734,734,10/31/2022 14:00,Monday,16,0.0619,600,2.3197,93.4,0.3611,1.258529
735,735,10/31/2022 15:00,Monday,14,0.0541,600,2.3197,91.4,0.3534,1.258305
736,736,10/31/2022 16:00,Monday,14,0.0541,600,2.3197,91.4,0.3534,1.258305
737,737,10/31/2022 17:00,Monday,13,0.0503,600,2.3197,90.4,0.3495,1.258081
738,738,10/31/2022 18:00,Monday,4,0.0155,300,1.1599,81.4,0.3147,1.195943
739,739,10/31/2022 19:00,Monday,4,0.0155,300,1.1599,81.4,0.3147,1.195943
740,740,10/31/2022 20:00,Monday,3,0.0116,300,1.1599,80.4,0.3108,1.195291
741,741,10/31/2022 21:00,Monday,0,0.0,0,0.0,77.4,0.2992,1.139061
742,742,10/31/2022 22:00,Monday,0,0.0,0,0.0,77.4,0.2992,1.139061
743,743,10/31/2022 23:00,Monday,0,0.0,0,0.0,77.4,0.2992,1.139061
