T1_Depth,T2_Depth,T3_Depth,T1_Height_U,T2_Height_U,T3_Height_U,T1_Setback_FU,T2_Setback_FU,T3_Setback_FU,T1_Roof_Height,T2_Roof_Height,T3_Roof_Height,SolarRadiation
60,70,50,12,48,12,5,10,5,9,9,12,582.886839
70,60,50,12,36,24,10,10,10,9,12,9,655.262018
60,60,50,36,12,36,10,5,5,12,12,9,721.048065
70,60,60,36,24,12,10,10,10,9,9,9,654.008142
60,60,50,24,12,12,10,10,5,12,9,12,640.579075
70,60,60,24,24,24,10,5,5,9,12,9,783.443919
60,60,60,24,48,36,10,5,5,9,9,9,806.431529
70,70,50,48,36,12,10,5,10,12,12,12,741.755135
60,70,60,24,12,12,10,10,10,9,9,12,560.788838
70,60,50,36,48,24,10,10,10,9,9,9,668.012941
60,70,60,12,36,36,5,10,5,9,9,9,570.194974
70,60,50,12,48,12,5,10,5,9,12,9,664.560122
60,70,50,12,24,12,10,5,5,12,9,9,735.723757
70,70,50,36,48,24,10,5,10,12,12,9,743.555165
60,70,60,36,48,36,10,5,10,12,9,9,748.904731
70,60,60,24,48,12,5,10,10,9,12,9,664.46896
60,70,50,48,48,12,5,5,10,9,12,12,744.141785
70,70,50,12,48,24,5,10,5,12,12,9,574.39573
60,60,50,12,12,36,10,5,10,9,9,12,725.615298
70,60,60,36,24,12,10,10,10,12,12,9,648.8606
60,70,60,48,24,12,5,10,10,9,9,12,571.650229
70,60,60,48,24,24,10,5,10,12,12,9,782.838699
60,60,60,24,12,36,5,5,5,9,9,9,724.894486
70,70,60,48,12,12,10,10,5,9,12,12,551.438372
60,60,60,24,24,12,10,5,10,9,9,12,788.212153
70,60,60,12,12,24,10,5,10,12,12,9,725.50936
60,60,50,12,48,36,5,5,10,9,12,9,804.832095
70,60,60,36,12,12,5,5,10,9,12,9,727.197135
60,70,50,36,24,12,5,5,10,12,12,9,728.147826
70,60,60,48,24,24,5,10,10,12,9,9,651.851157
60,70,60,48,48,36,5,5,10,12,9,12,747.280465
70,70,60,48,12,12,5,10,5,12,12,9,551.575977
60,60,50,48,24,12,5,10,5,12,9,9,653.077983
70,60,60,36,48,24,10,10,10,12,9,12,667.906384
60,60,60,36,36,36,5,10,10,12,9,9,657.018302
70,70,60,12,24,12,5,5,5,12,9,9,735.81246
60,60,50,48,36,12,5,10,5,9,12,12,655.055328
70,70,50,24,12,24,10,5,5,9,12,9,668.835194
60,70,60,24,12,36,10,10,10,9,9,9,556.487619
70,60,50,48,36,12,10,10,5,9,9,12,659.441171
60,60,50,36,36,12,5,5,5,12,12,12,804.951616
70,60,50,48,12,24,10,10,10,9,9,12,636.682531
60,70,50,36,48,36,5,5,10,12,12,9,741.928684
70,60,60,12,24,12,10,10,5,12,9,9,654.571637
60,60,50,24,24,12,5,10,5,9,9,12,653.940897
70,60,50,24,24,24,5,10,5,9,12,9,647.370282
60,70,60,24,36,36,10,10,10,12,12,9,562.94669
70,60,50,12,48,12,10,10,5,9,9,12,669.454531
60,60,60,12,12,12,5,5,5,9,9,12,731.072168
70,60,60,36,48,24,10,5,10,12,9,12,808.094241
60,60,50,24,48,36,5,10,5,12,9,12,666.208579
70,70,50,24,24,12,5,5,10,12,9,12,735.014733
60,70,60,24,12,12,5,10,10,12,9,12,560.656925
70,60,60,48,24,24,5,10,5,12,9,9,651.572997
60,70,60,48,36,36,10,10,10,9,9,12,569.293609
70,60,50,48,12,12,10,5,5,9,12,9,726.430747
60,60,50,36,48,12,5,5,10,9,12,12,806.91815
70,60,50,36,24,24,5,5,5,12,12,9,782.397098
60,60,50,12,24,36,10,5,5,12,12,9,780.98562
70,60,50,24,24,12,10,5,5,9,9,12,787.971385
60,70,60,48,24,12,5,5,10,9,9,9,734.338332
70,60,50,48,24,24,10,10,10,9,9,9,651.957925
60,70,60,24,36,36,10,5,10,12,12,9,739.160769
70,70,60,36,36,12,5,5,5,9,12,9,742.655151
60,70,50,12,36,12,5,10,10,12,9,9,573.623202
70,70,60,48,48,24,10,5,5,12,12,12,742.594779
60,70,60,12,12,36,5,10,10,12,12,12,548.649921
70,60,60,12,36,12,10,5,10,9,12,9,806.490875
60,70,60,24,48,12,5,5,5,9,12,9,745.526164
70,60,60,12,48,24,10,10,5,9,12,9,663.085578
60,70,50,24,12,36,10,5,10,9,9,12,673.374122
70,60,60,36,36,12,10,5,10,9,12,12,805.442948
60,70,60,12,24,12,10,5,10,9,9,9,736.032087
70,60,60,12,48,24,10,10,10,9,12,9,663.363738
60,70,50,12,36,36,10,5,5,9,9,12,745.395316
70,70,60,24,24,12,10,10,10,9,12,12,565.459767
60,70,60,12,24,12,10,5,5,9,9,12,735.576496
70,60,50,36,36,24,10,10,5,9,12,12,654.385194
60,70,60,24,48,36,10,5,10,9,12,9,742.672699
70,70,50,48,36,12,5,5,10,12,12,9,742.015306
60,60,50,36,36,12,10,5,10,12,12,9,805.559348
70,60,60,48,36,24,10,10,10,12,9,12,658.415798
60,70,50,36,48,36,10,5,10,12,9,9,748.561125
70,70,50,48,48,12,10,10,5,12,12,12,574.577518
60,70,50,48,12,12,5,5,5,9,12,12,670.100216
70,60,50,48,48,24,5,10,5,9,12,12,661.966832
60,60,50,48,12,36,5,5,5,12,12,9,720.214178
70,60,60,24,48,12,10,10,5,12,9,12,669.221985
60,70,60,36,36,12,5,5,5,9,9,9,749.287064
70,70,50,48,12,24,5,10,10,9,9,12,556.582434
60,70,60,48,12,36,10,10,10,9,12,12,547.03587
70,70,50,24,24,12,10,5,5,9,12,9,728.759061
60,60,50,24,24,12,10,5,10,9,12,12,785.291582
70,70,60,12,36,24,5,5,5,9,12,9,741.543233
60,70,50,24,48,36,10,5,5,9,12,12,741.087132
70,60,60,12,12,12,10,10,10,9,9,9,641.673316
60,60,60,24,12,12,10,5,5,12,12,9,727.755264
70,70,50,48,24,24,5,5,10,12,12,12,724.556816
60,70,60,36,48,36,10,5,10,9,9,9,748.967364
70,60,60,24,24,12,5,5,10,9,9,9,788.520255
60,70,50,48,24,12,5,10,5,9,9,9,571.736235
70,60,60,24,24,24,5,10,5,9,12,12,646.758138
60,60,60,36,12,36,10,10,5,12,9,9,635.349713
70,60,60,24,48,12,5,5,10,9,9,9,810.185269
60,60,60,36,24,12,10,10,10,9,12,12,648.688458
70,60,50,36,12,24,5,5,5,9,9,12,726.451411
60,70,50,24,36,36,10,5,10,9,9,12,745.433161
70,60,60,12,12,12,5,5,10,12,9,12,731.117906
60,70,50,12,12,12,10,5,10,9,9,12,679.365627
70,70,50,24,48,24,5,10,10,12,9,12,581.421159
60,60,50,48,12,36,10,10,5,12,12,9,628.956218
70,60,60,48,48,12,10,10,5,9,9,12,668.548105
60,70,50,12,36,12,5,5,5,12,12,12,742.81231
70,60,50,24,24,24,10,10,5,9,12,9,647.383239
60,70,60,36,24,36,10,10,10,9,9,12,568.590949
70,70,50,48,12,12,10,10,10,12,12,12,551.36172
60,60,50,36,12,12,10,10,10,9,12,9,634.80524
70,70,50,24,24,24,5,10,5,9,12,9,563.633207
60,70,60,24,12,36,10,10,10,9,12,9,548.456212
70,60,60,36,36,12,5,10,5,12,12,9,655.866343
60,70,60,24,36,12,5,5,10,9,12,12,742.882325
70,70,50,36,36,24,10,5,10,12,9,12,747.368585
60,60,50,24,36,36,10,10,5,9,12,9,652.852025
70,70,50,36,12,12,5,5,5,9,9,12,677.834521
60,60,60,48,24,12,5,10,10,9,12,9,648.284006
70,70,60,48,48,24,10,5,10,12,12,12,742.909157
60,70,60,48,36,36,5,10,10,12,9,12,569.151514
70,60,60,48,12,12,5,5,5,12,9,9,729.198338
60,70,60,24,24,12,10,10,10,12,9,12,572.65309
70,70,50,24,24,24,5,10,5,12,9,12,570.135079
60,70,60,24,24,36,5,5,5,12,9,9,730.366009
70,60,60,12,36,12,5,5,10,9,9,9,808.875848
60,60,60,24,12,12,5,10,10,12,12,9,635.390279
70,60,60,12,12,24,5,10,5,9,12,12,632.781088
60,60,50,36,36,36,5,10,5,12,12,12,652.109268
70,60,50,36,48,12,5,10,10,12,9,9,669.24581
60,70,60,48,12,12,5,5,5,12,9,12,677.157846
70,70,50,48,24,24,5,10,10,12,9,12,569.23268
60,60,50,12,36,36,5,5,10,12,9,12,804.316338
70,70,50,24,12,12,5,5,5,12,12,12,671.485801
60,70,60,12,48,12,5,10,10,9,9,9,583.358688
70,60,50,36,48,24,5,5,10,12,12,9,805.606669
60,60,60,48,12,36,5,10,10,12,12,12,629.083893
70,60,50,48,48,12,5,5,10,12,12,12,806.173769
60,60,60,48,48,12,5,5,10,12,12,9,806.651959
70,70,50,24,36,24,10,10,10,9,9,9,572.13066
60,70,60,36,12,36,10,10,5,9,12,9,547.503622
70,70,50,12,48,12,5,5,5,9,9,12,752.002362
60,60,60,48,36,12,10,5,10,9,9,9,807.588824
70,60,60,36,48,24,10,5,5,9,9,9,807.920092
60,60,60,36,24,36,5,10,10,12,12,12,644.866074
70,60,50,12,36,12,10,5,10,9,12,12,805.998054
60,70,50,12,36,12,10,10,5,9,9,9,573.607995
70,60,60,36,12,24,5,5,10,12,12,9,724.094112
60,70,60,12,24,36,10,10,5,12,9,12,569.045174
70,60,60,24,12,12,10,5,5,9,12,12,727.551554
60,70,60,36,24,12,5,10,10,9,12,12,564.865124
70,70,50,24,12,24,5,10,10,9,9,12,557.947049
60,60,50,24,12,36,5,5,10,12,12,9,722.223086
70,60,50,36,24,12,10,10,10,9,9,12,653.640723
60,60,60,24,36,12,10,10,5,9,9,9,660.642792
70,60,50,48,12,24,5,5,5,9,9,12,725.681327
60,60,50,36,48,36,10,5,10,12,9,12,805.883696
70,70,60,48,36,12,10,10,5,12,12,9,565.225367
60,70,60,12,36,12,10,10,10,12,12,9,566.347033
70,60,60,48,36,24,10,10,10,12,9,12,658.415798
60,70,60,12,48,36,5,5,10,12,12,12,742.078472
70,70,50,24,12,12,5,10,5,12,9,9,560.805378
60,60,60,24,12,12,10,5,10,9,12,9,727.996962
70,60,50,48,24,24,10,5,10,9,12,9,782.520182
60,70,50,12,24,36,5,10,10,12,9,12,569.134012
70,70,60,36,48,12,5,10,5,9,12,12,575.240455
60,60,50,48,36,12,10,10,10,12,9,12,659.467185
70,70,50,12,12,24,5,5,10,12,9,12,676.22215
60,70,60,48,24,36,5,10,10,9,12,9,560.813823
70,60,50,12,36,12,5,5,5,12,12,9,806.156063
60,70,60,36,48,12,10,10,5,9,9,12,582.513587
70,60,50,24,48,24,10,5,10,12,9,9,808.411636
60,60,60,24,24,36,10,10,10,9,12,12,645.507766
70,70,60,36,12,12,10,10,10,12,9,9,560.321774
60,60,60,12,48,12,5,10,10,9,9,9,669.86499
70,60,50,48,12,24,5,5,5,9,12,9,723.029206
60,60,50,24,48,36,5,10,10,9,12,12,661.298362
70,70,50,12,12,12,5,5,5,12,9,12,679.123379
60,70,60,48,48,12,5,5,10,9,12,9,744.634606
70,70,50,48,24,24,5,5,10,12,12,9,725.442847
60,70,50,48,12,36,10,10,5,12,9,12,554.501506
70,60,50,12,36,12,10,5,5,9,12,9,806.319084
60,60,50,48,12,12,10,10,5,12,12,12,633.600024
70,60,60,36,24,24,10,10,5,9,12,12,646.307198
60,70,60,24,24,36,5,10,10,9,12,9,561.858019
70,60,60,48,36,12,5,10,5,9,9,12,659.500266
60,60,50,36,24,12,10,5,5,12,9,12,787.314084
70,60,50,24,36,24,10,10,5,9,9,9,659.074996
60,70,60,12,48,36,5,10,10,9,9,9,581.15934
70,70,60,12,24,12,10,5,10,12,9,9,735.917644
60,60,50,24,48,12,10,10,5,9,9,12,669.165049
70,60,60,36,24,24,10,10,5,12,12,12,646.194926
60,60,60,48,36,36,10,5,5,12,9,12,802.736743
70,60,50,24,36,12,5,10,5,9,9,9,660.583822
60,70,50,48,36,12,10,10,10,12,9,9,572.57683
70,60,50,36,12,24,5,5,5,9,9,9,726.736647
60,70,60,12,24,36,10,5,5,12,9,9,730.794832
70,70,50,48,48,12,5,5,5,12,12,9,744.368558
60,60,50,12,48,12,10,10,5,12,12,12,664.158933
70,70,60,36,36,24,5,10,10,12,9,9,571.695117
60,60,50,36,48,36,10,10,5,12,12,12,660.782553
70,70,60,48,48,12,10,5,5,12,12,12,744.227691
60,60,60,48,12,12,10,10,10,12,9,9,639.682064
70,60,50,12,12,24,5,5,5,9,12,9,725.207219
60,70,50,24,12,36,5,5,5,9,9,9,673.217928
70,70,50,36,36,12,5,5,5,12,12,12,742.08079
60,60,50,24,48,12,5,5,5,12,9,9,809.954072
70,60,50,48,48,24,10,5,10,12,12,12,804.761767
60,60,60,36,36,36,5,5,5,12,9,12,803.206128
70,60,60,36,48,12,5,10,5,12,9,9,669.197266
60,70,50,36,12,12,10,5,5,9,12,12,670.915795
70,70,60,48,48,24,10,10,5,12,12,12,573.350327
60,60,50,12,24,36,5,5,10,12,9,12,783.832634
70,60,50,24,12,12,5,10,10,12,9,12,640.697367
60,70,60,12,48,12,5,10,5,12,9,9,583.19711
70,60,50,24,12,24,10,5,5,12,12,12,724.256301
60,60,60,12,36,36,5,5,10,9,9,9,804.825729
70,60,60,24,24,12,5,10,10,12,9,9,654.349506
60,70,50,48,36,12,5,10,10,12,9,12,572.19054
70,60,50,36,48,24,5,5,10,12,9,9,808.043091
60,60,50,24,12,36,10,5,5,12,12,9,721.748351
70,70,50,48,24,12,5,5,10,9,9,12,733.851979
60,60,50,24,36,12,5,5,5,9,12,9,805.920791
70,70,60,12,12,24,5,10,10,9,12,9,550.899678
60,60,60,36,48,36,5,10,5,12,12,9,661.678957
70,70,60,12,48,12,10,10,5,9,9,9,583.324946
60,70,50,12,36,12,5,5,5,9,12,12,742.920926
70,70,60,12,36,24,10,5,5,9,9,9,748.226976
60,60,50,12,36,36,5,5,5,9,12,9,801.835359
70,70,50,36,36,12,5,5,10,12,9,9,749.25272
60,70,60,12,48,12,5,10,10,9,9,9,583.358688
70,60,50,12,36,24,10,5,10,9,9,12,806.866059
60,60,60,12,24,36,5,5,5,12,9,12,783.590454
70,70,60,24,36,12,10,10,10,12,12,9,566.196764
60,70,50,48,24,12,5,5,5,12,9,12,733.665906
70,60,50,12,48,24,5,5,10,9,9,9,808.84759
60,70,60,36,36,36,5,10,5,12,12,9,562.186041
70,60,60,48,36,12,5,5,10,9,12,9,805.051546
60,70,60,12,36,12,5,10,10,12,9,9,573.669787
70,70,60,36,24,24,5,5,10,12,9,9,733.217109
60,60,50,36,48,36,10,5,10,9,12,9,804.176577
70,60,50,12,36,12,10,5,10,9,9,9,808.833444
60,70,60,48,36,12,5,5,10,12,12,9,742.065784
70,70,50,12,36,24,5,5,5,9,9,9,748.180078
60,60,50,24,48,36,5,10,5,9,12,12,661.059514
70,60,60,48,48,12,5,10,5,12,12,12,663.187882
60,70,60,48,48,12,5,5,5,9,9,12,750.752438
70,70,60,36,12,24,10,5,10,9,12,9,668.557313
60,70,60,24,36,36,10,5,10,12,9,9,745.806546
70,70,50,48,24,12,5,10,5,12,9,9,571.689618
60,70,60,12,48,12,10,5,10,9,12,9,746.038952
70,70,60,12,12,24,10,10,10,12,9,12,558.632228
60,70,60,12,48,36,5,5,5,9,9,9,748.819049
70,70,50,12,36,12,10,10,5,9,9,9,573.6437
60,70,50,24,36,12,5,5,10,9,12,9,743.116453
70,70,50,36,36,24,10,10,10,12,9,12,571.512213
60,60,50,12,48,36,10,10,5,9,12,9,661.985278
70,60,50,12,12,12,5,5,5,9,9,9,731.385669
60,70,50,36,12,12,10,10,10,9,12,12,552.026623
70,70,50,24,36,24,10,10,5,12,9,9,571.84381
60,70,60,24,12,36,10,10,5,12,9,12,555.918871
70,70,50,12,12,12,5,10,10,9,12,9,553.457503
60,70,50,24,36,12,10,10,10,9,9,12,573.157539
70,60,60,12,12,24,5,5,5,9,12,12,724.988535
60,60,50,36,12,36,10,5,5,12,12,12,720.536415
70,70,50,24,36,12,10,5,5,12,12,12,742.5859
60,60,50,24,12,12,10,10,10,12,12,9,635.379167
70,60,60,24,12,24,5,5,5,9,9,12,727.329736
60,60,60,24,36,36,5,5,5,12,9,12,803.719233
70,60,50,24,48,12,5,5,5,12,12,12,807.110409
60,60,50,36,36,12,5,10,10,12,12,12,655.55411
70,60,60,12,24,24,5,5,10,12,9,12,786.099029
60,60,50,36,12,36,10,10,5,9,9,9,635.417372
70,60,60,24,36,12,10,10,10,12,9,9,660.732482
60,70,60,48,12,12,10,10,10,12,12,9,551.720008
70,70,50,48,12,24,10,5,5,9,9,9,674.485178
60,70,60,48,48,36,5,5,5,9,12,12,740.371778
70,70,50,48,36,12,5,5,5,12,12,12,741.489152
60,60,50,36,48,12,10,5,10,9,12,9,807.396116
70,70,50,12,48,24,5,10,5,9,12,12,574.421104
60,60,50,36,36,36,5,5,5,12,9,12,803.169979
70,60,50,24,48,12,5,10,10,12,12,9,664.357342
60,70,60,48,24,12,5,10,10,12,12,12,564.28362
70,60,60,36,24,24,10,5,5,12,9,9,785.555675
60,70,60,12,48,36,5,5,5,9,12,12,741.742934
70,60,60,12,48,12,10,5,5,9,9,9,810.545009
60,70,50,24,24,12,5,10,10,9,12,9,565.593816
70,60,60,48,48,24,5,5,5,9,9,9,807.183352
60,70,50,12,36,36,5,5,5,9,9,12,745.362127
70,70,50,12,24,12,5,10,5,12,12,9,565.73163
60,70,60,48,12,12,5,5,10,12,12,12,670.296156
70,70,60,12,36,24,10,5,5,9,12,12,741.506614
60,60,50,12,36,36,10,10,10,12,9,9,657.619287
70,60,60,24,24,12,5,10,5,9,9,12,654.090682
60,70,50,48,12,12,10,5,5,12,12,12,670.175902
70,70,50,36,36,24,5,5,10,12,12,9,740.936777
60,70,60,24,24,36,10,5,5,12,12,9,723.660898
70,70,60,48,36,12,5,5,5,12,9,9,748.620437
60,70,50,36,36,12,10,5,5,9,9,9,749.294602
70,70,50,24,24,24,5,10,10,12,12,12,562.966302
60,60,50,36,12,36,10,10,5,9,9,9,635.417372
70,70,60,12,24,12,5,10,5,12,9,12,572.833012
60,60,60,48,12,12,10,5,5,9,12,12,726.139797
70,70,50,24,24,24,5,10,5,12,12,9,563.523632
60,60,60,48,12,36,10,5,5,9,9,12,723.265352
70,60,60,24,36,12,5,5,10,9,9,9,808.520879
60,70,60,48,12,12,10,5,10,12,9,9,677.785021
70,60,50,36,36,24,10,10,5,9,9,12,658.726683
60,60,50,36,36,36,5,10,5,9,9,12,656.540752
70,60,60,36,48,12,10,10,5,9,9,12,669.051622
60,60,50,48,12,12,5,5,10,9,9,12,728.841682
70,60,50,36,12,24,10,5,10,12,12,12,723.694845
60,60,60,24,36,36,10,5,5,12,9,9,803.932979
70,60,60,24,48,12,10,10,5,9,9,12,669.281279
60,60,50,12,48,12,10,5,5,9,12,9,807.993402
70,70,60,24,24,24,10,5,10,12,12,12,726.064798
60,70,50,24,36,36,10,10,10,9,9,12,570.011382
70,60,60,48,24,12,5,10,5,9,12,9,648.209381
60,70,50,36,48,12,5,5,10,9,12,12,744.791908
70,60,50,36,12,24,5,10,5,12,12,12,631.437468
60,60,50,24,36,36,5,5,5,12,9,9,803.906335
70,70,50,36,36,12,10,10,10,9,9,9,573.195468
60,70,60,24,24,12,10,5,5,9,9,9,735.499323
70,60,50,24,12,24,10,10,10,12,9,9,638.443986
60,60,60,36,48,36,5,10,10,9,12,12,661.133212
70,60,60,12,36,12,10,5,5,12,12,12,805.886364
60,60,50,24,12,12,5,10,10,12,12,12,635.02286
70,60,60,24,24,24,10,10,10,9,9,9,653.077158
60,70,60,24,24,36,5,10,5,12,9,12,568.728708
70,60,60,24,12,12,5,10,5,9,9,9,641.076513
60,60,60,36,12,12,10,10,5,12,9,9,640.229189
70,70,50,12,48,24,10,10,5,12,12,12,574.351972
60,60,50,24,48,36,5,5,10,9,9,12,806.213332
70,60,60,12,12,12,10,10,5,12,9,12,641.191213
60,60,50,36,36,12,10,5,5,12,9,12,807.456133
70,70,50,36,24,24,5,10,10,12,12,12,562.465597
60,60,60,36,24,36,10,10,10,12,9,12,649.934953
70,70,60,36,12,12,5,5,5,12,9,12,677.883448
60,70,60,12,24,12,10,5,5,9,9,9,735.941003
70,70,50,48,12,24,5,10,5,9,9,12,556.440819
60,70,60,12,24,36,5,5,5,9,12,9,724.187371
70,60,50,24,12,12,5,10,10,12,9,9,641.018201
60,60,60,36,12,12,5,10,10,12,9,12,640.028159
70,60,60,12,24,24,5,5,5,12,12,9,783.705799
60,60,60,48,36,36,10,5,5,9,12,12,800.400156
70,70,60,24,24,12,10,10,5,12,12,12,565.244276
60,70,50,48,36,12,10,5,5,12,12,12,741.617455
70,60,50,48,48,24,5,10,5,9,12,12,661.966832
60,60,50,48,36,36,5,5,5,9,12,12,800.219344
70,60,50,12,12,12,10,10,5,9,12,9,635.878785
60,60,60,36,24,12,10,10,10,12,12,12,648.602773
70,70,60,36,36,24,5,10,10,9,9,12,571.748044
60,70,50,12,48,36,5,5,5,9,12,9,741.954883
70,70,60,36,48,12,10,5,10,12,12,12,744.991203
60,60,60,36,36,12,5,5,5,9,9,9,807.959985
70,60,50,36,48,24,5,5,5,9,9,9,807.824544
60,60,50,36,24,36,10,10,10,12,9,9,649.990105
70,70,60,48,48,12,10,5,10,12,12,9,744.683282
60,70,60,24,24,12,10,5,5,12,9,12,735.016834
70,60,60,12,48,24,10,5,5,9,12,9,806.185754
60,70,50,12,12,36,5,10,5,9,12,9,548.541516
70,70,60,12,24,12,10,5,5,9,12,12,728.900161
60,70,50,36,48,12,5,5,10,12,9,12,751.309196
70,70,60,36,48,24,10,10,10,12,12,12,574.174016
60,60,60,48,24,36,5,5,10,12,9,12,782.404844
70,70,60,12,24,12,10,10,10,12,12,12,565.654494
60,70,50,12,48,12,10,10,5,12,9,12,582.820392
70,70,50,24,48,24,5,10,5,9,12,12,574.176018
60,70,50,48,12,36,10,10,10,9,9,9,555.130381
70,70,50,24,12,12,5,5,10,12,12,12,671.599505
60,60,50,12,12,12,5,5,10,9,9,12,731.034939
70,70,60,48,12,24,5,5,5,12,9,9,674.263953
60,60,50,12,12,36,5,5,5,12,12,9,722.358231
70,60,50,24,12,12,10,10,10,12,9,12,640.716995
60,60,60,36,12,12,10,10,5,12,12,9,634.616233
70,60,60,24,36,24,10,5,5,12,12,12,803.999679
60,70,60,48,36,36,10,10,5,12,12,12,561.655504
70,60,60,12,12,12,10,10,10,9,12,12,635.792779
60,70,60,24,24,12,10,10,5,9,9,12,572.634371
70,70,50,36,12,24,10,10,10,9,12,12,549.303683
60,70,60,36,36,36,5,5,5,12,9,9,744.74125
70,60,60,12,24,12,10,5,10,12,12,9,786.111641
60,70,50,36,24,12,5,10,5,9,12,9,564.95113
70,70,50,48,48,24,10,10,5,9,9,12,580.681867
60,60,60,48,24,36,5,10,5,9,12,9,644.233913
70,70,60,48,36,12,5,10,5,12,12,9,565.181014
60,70,60,24,24,12,10,5,5,12,12,12,728.306022
70,60,60,48,48,24,5,5,5,12,12,12,804.578087
60,60,60,48,48,36,5,5,10,12,9,9,806.132078
70,60,50,24,36,12,10,5,10,12,12,12,805.595361
60,70,60,36,24,12,5,5,5,12,12,9,728.137112
70,60,60,48,24,24,5,5,5,9,9,9,784.851338
60,60,50,48,24,36,5,10,5,9,12,9,644.199497
70,60,50,12,48,12,5,10,10,12,12,12,664.268627
60,70,60,24,24,12,5,10,10,12,9,12,572.639752
70,70,50,48,12,24,5,5,10,12,9,12,674.117451
60,60,60,36,36,36,5,5,10,12,9,12,803.741498
70,70,50,12,48,12,10,5,10,9,12,9,745.993059
60,70,50,12,36,12,10,5,10,12,12,12,742.931278
70,70,60,48,48,24,10,10,10,12,12,9,573.654485
60,70,60,36,48,36,5,10,5,9,12,12,572.367564
70,70,60,36,24,12,5,5,10,9,12,12,727.978468
60,60,50,48,12,12,10,10,5,9,12,9,634.026367
70,60,50,36,36,24,10,5,5,9,9,12,806.040193
60,60,50,48,24,36,5,10,5,12,12,12,643.907466
70,60,60,48,36,12,5,10,10,12,9,9,659.790251
60,60,60,24,24,12,5,10,10,12,12,12,649.060969
70,60,50,48,36,24,5,10,10,9,12,12,653.882951
60,70,60,24,48,36,10,10,5,12,9,9,580.645748
70,60,60,36,12,12,10,10,10,9,9,12,640.240205
60,70,50,48,12,12,10,5,5,9,12,12,670.273213
70,70,60,36,12,24,5,5,5,12,12,12,667.704383
60,60,60,12,12,36,10,10,10,12,12,12,630.984047
70,70,60,48,24,12,10,5,5,12,12,12,727.244679
60,70,60,12,48,12,10,5,10,12,9,12,752.161336
70,70,50,36,36,24,10,5,5,12,12,12,740.630371
60,70,50,48,12,36,10,10,10,12,12,12,546.835018
70,60,60,36,36,12,5,5,10,12,9,12,807.691512
60,60,50,12,36,12,10,10,5,9,9,9,660.820959
70,70,50,36,48,24,5,10,5,9,12,9,573.933146
60,60,60,48,24,36,5,5,10,9,12,12,779.732075
70,70,60,36,24,12,10,5,5,9,12,12,727.933216
60,70,50,36,48,12,10,10,5,9,12,9,575.501998
70,60,60,24,24,24,10,5,5,9,9,12,785.522771
60,60,60,48,48,36,10,10,10,12,12,12,660.562115
70,60,60,36,24,12,5,10,5,12,9,12,653.444931
60,70,50,48,48,12,10,10,5,9,9,9,582.237831
70,70,50,12,12,24,5,5,10,12,9,9,676.672399
60,70,60,12,48,36,5,10,10,12,9,12,580.273091
70,60,50,12,36,12,10,5,5,12,9,12,808.158369
60,70,60,36,12,12,5,10,5,12,12,9,552.135211
70,60,50,48,36,24,10,5,10,12,12,9,803.393178
60,60,50,24,36,36,5,5,5,12,12,12,801.260145
70,60,50,12,48,12,5,5,10,9,12,9,808.081335
60,70,50,48,24,12,5,5,10,9,9,9,734.257962
70,70,60,36,48,24,10,10,5,12,12,12,573.908055
60,60,50,12,24,36,5,10,10,12,12,9,645.756294
70,70,50,24,24,12,5,5,10,9,9,12,735.091187
60,60,60,24,48,12,5,10,10,9,9,9,669.590384
70,60,60,12,24,24,5,10,10,9,9,9,653.341018
60,70,50,48,36,36,5,10,10,9,9,9,569.392239
70,70,50,12,24,12,5,10,10,9,12,9,565.91697
60,70,50,36,48,12,10,10,10,12,9,12,582.439701
70,70,50,36,24,24,10,5,5,12,12,9,725.575307
60,70,60,36,36,36,10,5,5,9,12,9,738.253709
70,60,60,36,12,12,5,5,10,9,9,9,730.123971
60,60,60,48,12,12,5,10,5,12,9,9,639.516289
70,70,50,36,36,24,10,5,5,12,9,12,747.276147
60,70,60,12,36,36,10,10,10,9,12,9,563.194449
70,70,50,36,36,12,5,10,5,9,9,9,573.027198
60,60,50,12,24,12,5,5,5,9,12,9,786.021104
70,60,50,12,48,24,10,10,10,12,12,12,663.000689
60,70,50,24,48,36,5,5,10,12,12,9,742.26329
70,70,60,12,24,12,10,5,10,9,9,9,736.066564
60,70,50,24,48,12,10,5,5,9,9,12,751.595901
70,60,60,48,48,24,5,10,5,9,9,12,667.163887
60,60,50,48,48,36,5,10,10,12,9,12,665.580409
70,60,50,24,24,12,10,10,10,12,9,12,654.0176
60,60,50,12,12,12,5,10,10,9,12,9,635.924735
70,60,50,24,24,24,10,10,10,9,9,12,651.861178
60,60,60,36,12,36,10,5,10,12,12,12,721.438635
70,60,50,36,36,12,10,10,5,9,12,9,655.959604
60,70,60,24,48,12,10,5,10,9,9,12,751.887927
70,70,50,36,36,24,10,10,10,9,12,12,564.275074
60,70,60,24,12,36,10,10,10,9,12,9,548.456212
70,70,60,48,24,12,5,10,10,12,12,9,564.529206
60,70,50,12,48,12,10,5,10,9,12,9,745.958581
70,70,50,36,48,24,10,10,10,12,12,12,573.962869
60,70,50,24,24,36,5,10,10,9,9,9,569.095188
70,70,60,24,36,12,10,5,5,9,9,9,749.773457
60,60,60,12,12,12,10,10,10,9,12,12,635.757075
70,70,60,48,48,24,5,5,10,9,9,9,749.48715
60,60,50,24,24,36,10,10,10,9,9,12,650.397122
70,70,60,24,24,12,5,10,10,9,12,12,565.446809
60,70,50,24,24,12,5,10,5,9,12,9,565.486477
70,70,50,48,24,24,5,5,10,9,12,12,724.62696
60,60,50,12,48,36,10,5,10,12,12,12,804.062075
70,70,60,24,12,12,5,5,5,12,9,12,678.670291
60,70,60,12,12,12,10,10,5,12,12,9,553.325693
70,70,50,36,48,24,10,10,10,12,12,12,573.962869
60,70,50,48,36,36,5,5,10,12,9,9,744.632574
70,60,60,36,24,12,10,10,10,9,9,9,654.008142
60,70,50,48,12,12,10,10,10,12,9,12,559.297427
70,60,50,24,12,24,10,10,5,12,12,12,632.217303
60,70,60,48,12,36,5,10,5,12,9,9,554.747611
70,70,60,12,24,12,10,5,10,9,9,12,735.752065
60,60,60,36,36,12,5,10,10,12,9,9,660.263019
70,70,60,12,36,24,10,5,5,12,12,9,741.432279
60,60,50,24,24,36,10,5,5,9,9,9,783.42273
70,70,60,12,24,12,10,5,5,12,9,12,735.462054
60,70,50,12,12,12,10,5,5,9,12,9,672.641613
70,60,50,48,36,24,10,10,10,9,9,9,658.50594
60,60,60,12,12,36,10,5,5,9,12,12,722.392328
70,70,60,48,48,12,5,10,10,12,9,9,582.217739