,id,timestamp,Day,Temperature (degC),Humidity (%),Wind Speed (m/s),Wind Direction (deg),Pressure (hPa),PeopleCount(p),PeoplePerArea(p/m2),LightingPower(W),LightingPowerIntensity(W/m2),EquipmentLoad(W),EquipmentPowerIntensity(W/m2),VentilationRate (m3/s),ACH,CarbonEmissions(lb-co2/h)
0,0,10/1/2022 0:00,10/1/2022 0:00,11.06,71,1,96,1020,10,0.038662285,300,1.159868548,87.4,0.33790837,0.2712,1.034237288,1.977769685
1,1,10/1/2022 1:00,10/1/2022 1:00,9.83,77,1,90,1020,4,0.015464914,300,1.159868548,81.4,0.314710999,0.18648,0.711152542,1.923205336
2,2,10/1/2022 2:00,10/1/2022 2:00,8.5,82,1,92,1020,0,0,0,0,77.4,0.299246085,0.13,0.495762712,1.761686733
3,3,10/1/2022 3:00,10/1/2022 3:00,8.67,80,1,78,1021,0,0,0,0,77.4,0.299246085,0.13,0.495762712,1.761686733
4,4,10/1/2022 4:00,10/1/2022 4:00,8.56,80,1,83,1021,0,0,0,0,77.4,0.299246085,0.13,0.495762712,1.761686733
5,5,10/1/2022 5:00,10/1/2022 5:00,8.39,80,1,77,1022,0,0,0,0,77.4,0.299246085,0.13,0.495762712,1.761686733
6,6,10/1/2022 6:00,10/1/2022 6:00,9.06,76,1,75,1022,0,0,0,0,77.4,0.299246085,0.13,0.495762712,1.761686733
7,7,10/1/2022 7:00,10/1/2022 7:00,11.67,67,1,75,1023,5,0.019331142,300,1.159868548,82.4,0.318577228,0.2006,0.765,1.935195267
8,8,10/1/2022 8:00,10/1/2022 8:00,15.22,56,3,87,1023,4,0.015464914,300,1.159868548,81.4,0.314710999,0.18648,0.711152542,1.923205336
9,9,10/1/2022 9:00,10/1/2022 9:00,18.22,45,3,69,1023,0,0,0,0,77.4,0.299246085,0.13,0.495762712,1.761686733
10,10,10/1/2022 10:00,10/1/2022 10:00,20,40,4,62,1023,0,0,0,0,77.4,0.299246085,0.13,0.495762712,1.761686733
11,11,10/1/2022 11:00,10/1/2022 11:00,21.17,36,5,79,1023,0,0,0,0,77.4,0.299246085,0.13,0.495762712,1.761686733
12,12,10/1/2022 12:00,10/1/2022 12:00,22.28,33,4,65,1022,0,0,0,0,77.4,0.299246085,0.13,0.495762712,1.761686733
13,13,10/1/2022 13:00,10/1/2022 13:00,22.95,32,4,61,1022,0,0,0,0,77.4,0.299246085,0.13,0.495762712,1.761686733
14,14,10/1/2022 14:00,10/1/2022 14:00,23.39,31,5,79,1021,0,0,0,0,77.4,0.299246085,0.13,0.495762712,1.761686733
15,15,10/1/2022 15:00,10/1/2022 15:00,23.67,29,4,71,1021,0,0,0,0,77.4,0.299246085,0.13,0.495762712,1.761686733
16,16,10/1/2022 16:00,10/1/2022 16:00,23.17,29,1,67,1021,4,0.015464914,300,1.159868548,81.4,0.314710999,0.18648,0.711152542,1.923205336
17,17,10/1/2022 17:00,10/1/2022 17:00,21.67,32,1,60,1021,3,0.011598685,300,1.159868548,80.4,0.310844771,0.17236,0.657305085,1.907923253
18,18,10/1/2022 18:00,10/1/2022 18:00,19.39,40,1,66,1022,5,0.019331142,300,1.159868548,82.4,0.318577228,0.2006,0.765,1.935195267
19,19,10/1/2022 19:00,10/1/2022 19:00,17.45,48,1,70,1022,10,0.038662285,300,1.159868548,87.4,0.33790837,0.2712,1.034237288,1.977769685
20,20,10/1/2022 20:00,10/1/2022 20:00,16.06,55,1,65,1023,12,0.046394742,600,2.319737096,89.4,0.345640827,0.29944,1.141932203,2.070518918
21,21,10/1/2022 21:00,10/1/2022 21:00,14.72,60,1,64,1023,11,0.042528513,600,2.319737096,88.4,0.341774599,0.28532,1.088084746,2.063101418
22,22,10/1/2022 22:00,10/1/2022 22:00,13.78,63,1,74,1023,9,0.034796056,300,1.159868548,86.4,0.334042142,0.25708,0.980389831,1.971002486
23,23,10/1/2022 23:00,10/1/2022 23:00,12.95,67,1,78,1023,5,0.019331142,300,1.159868548,82.4,0.318577228,0.2006,0.765,1.935195267
24,24,10/2/2022 0:00,10/2/2022 0:00,11.83,72,1,84,1024,4,0.015464914,300,1.159868548,81.4,0.314710999,0.18648,0.711152542,1.923205336
25,25,10/2/2022 1:00,10/2/2022 1:00,11.17,75,1,84,1024,0,0,0,0,77.4,0.299246085,0.13,0.495762712,1.761686733
26,26,10/2/2022 2:00,10/2/2022 2:00,11.67,73,1,63,1024,0,0,0,0,77.4,0.299246085,0.13,0.495762712,1.761686733
27,27,10/2/2022 3:00,10/2/2022 3:00,11.56,72,1,58,1024,0,0,0,0,77.4,0.299246085,0.13,0.495762712,1.761686733
28,28,10/2/2022 4:00,10/2/2022 4:00,10.33,78,1,46,1025,0,0,0,0,77.4,0.299246085,0.13,0.495762712,1.761686733
29,29,10/2/2022 5:00,10/2/2022 5:00,9.45,82,1,52,1025,0,0,0,0,77.4,0.299246085,0.13,0.495762712,1.761686733
30,30,10/2/2022 6:00,10/2/2022 6:00,9.39,83,1,62,1026,0,0,0,0,77.4,0.299246085,0.13,0.495762712,1.761686733
31,31,10/2/2022 7:00,10/2/2022 7:00,12.06,72,1,61,1026,0,0,0,0,77.4,0.299246085,0.13,0.495762712,1.761686733
32,32,10/2/2022 8:00,10/2/2022 8:00,14.89,60,1,82,1027,0,0,0,0,77.4,0.299246085,0.13,0.495762712,1.761686733
33,33,10/2/2022 9:00,10/2/2022 9:00,17.83,50,1,80,1027,2,0.007732457,300,1.159868548,79.4,0.306978542,0.15824,0.603457627,1.888942582
34,34,10/2/2022 10:00,10/2/2022 10:00,20.22,39,2,65,1027,3,0.011598685,300,1.159868548,80.4,0.310844771,0.17236,0.657305085,1.907923253
35,35,10/2/2022 11:00,10/2/2022 11:00,22,33,2,43,1027,0,0,0,0,77.4,0.299246085,0.13,0.495762712,1.761686733
36,36,10/2/2022 12:00,10/2/2022 12:00,23.72,29,2,37,1026,0,0,0,0,77.4,0.299246085,0.13,0.495762712,1.761686733
37,37,10/2/2022 13:00,10/2/2022 13:00,24.72,29,3,51,1025,0,0,0,0,77.4,0.299246085,0.13,0.495762712,1.761686733
38,38,10/2/2022 14:00,10/2/2022 14:00,25,28,2,56,1025,0,0,0,0,77.4,0.299246085,0.13,0.495762712,1.761686733
39,39,10/2/2022 15:00,10/2/2022 15:00,24.72,30,4,63,1025,0,0,0,0,77.4,0.299246085,0.13,0.495762712,1.761686733
40,40,10/2/2022 16:00,10/2/2022 16:00,24.06,31,2,65,1025,4,0.015464914,300,1.159868548,81.4,0.314710999,0.18648,0.711152542,1.923205336
41,41,10/2/2022 17:00,10/2/2022 17:00,22.56,34,1,64,1025,5,0.019331142,300,1.159868548,82.4,0.318577228,0.2006,0.765,1.935195267
42,42,10/2/2022 18:00,10/2/2022 18:00,20.17,41,1,73,1025,6,0.023197371,300,1.159868548,83.4,0.322443456,0.21472,0.818847458,1.945234295
43,43,10/2/2022 19:00,10/2/2022 19:00,18.11,50,1,76,1025,10,0.038662285,300,1.159868548,87.4,0.33790837,0.2712,1.034237288,1.977769685
44,44,10/2/2022 20:00,10/2/2022 20:00,16.45,55,1,76,1025,11,0.042528513,600,2.319737096,88.4,0.341774599,0.28532,1.088084746,2.063101418
45,45,10/2/2022 21:00,10/2/2022 21:00,15.89,53,1,71,1025,11,0.042528513,600,2.319737096,88.4,0.341774599,0.28532,1.088084746,2.063101418
46,46,10/2/2022 22:00,10/2/2022 22:00,15.39,54,1,74,1026,15,0.057993427,600,2.319737096,92.4,0.357239513,0.3418,1.303474576,2.095392945
47,47,10/2/2022 23:00,10/2/2022 23:00,14.56,58,1,80,1026,5,0.019331142,300,1.159868548,82.4,0.318577228,0.2006,0.765,1.935195267
48,48,10/3/2022 0:00,10/3/2022 0:00,14.22,61,1,73,1025,0,0,0,0,77.4,0.299246085,0.13,0.495762712,1.761686733
49,49,10/3/2022 1:00,10/3/2022 1:00,13.78,65,1,74,1025,0,0,0,0,77.4,0.299246085,0.13,0.495762712,1.761686733
50,50,10/3/2022 2:00,10/3/2022 2:00,13.28,69,1,72,1025,0,0,0,0,77.4,0.299246085,0.13,0.495762712,1.761686733
51,51,10/3/2022 3:00,10/3/2022 3:00,12.67,72,3,72,1025,0,0,0,0,77.4,0.299246085,0.13,0.495762712,1.761686733
52,52,10/3/2022 4:00,10/3/2022 4:00,12.33,75,4,74,1026,0,0,0,0,77.4,0.299246085,0.13,0.495762712,1.761686733
53,53,10/3/2022 5:00,10/3/2022 5:00,11.95,77,4,75,1026,0,0,0,0,77.4,0.299246085,0.13,0.495762712,1.761686733
54,54,10/3/2022 6:00,10/3/2022 6:00,11.67,79,3,75,1026,0,0,0,0,77.4,0.299246085,0.13,0.495762712,1.761686733
55,55,10/3/2022 7:00,10/3/2022 7:00,13.5,72,5,84,1027,5,0.019331142,300,1.159868548,82.4,0.318577228,0.2006,0.765,1.935195267
56,56,10/3/2022 8:00,10/3/2022 8:00,16.33,60,4,98,1027,22,0.085057027,600,2.319737096,99.4,0.384303112,0.44064,1.68040678,2.127704795
57,57,10/3/2022 9:00,10/3/2022 9:00,19,53,1,104,1027,62,0.239706167,900,3.479605645,139.4,0.538952252,1.00544,3.834305085,2.73356213
58,58,10/3/2022 10:00,10/3/2022 10:00,21.06,47,1,219,1027,62,0.239706167,900,3.479605645,139.4,0.538952252,1.00544,3.834305085,2.73356213
59,59,10/3/2022 11:00,10/3/2022 11:00,22.61,43,3,91,1026,60,0.23197371,900,3.479605645,137.4,0.531219795,0.9772,3.726610169,2.679871623
60,60,10/3/2022 12:00,10/3/2022 12:00,23.78,39,4,84,1026,59,0.228107481,900,3.479605645,136.4,0.527353567,0.96308,3.672762712,2.653229589
61,61,10/3/2022 13:00,10/3/2022 13:00,24.67,35,4,79,1024,32,0.123719312,600,2.319737096,109.4,0.422965397,0.58184,2.218881356,2.18466713
62,62,10/3/2022 14:00,10/3/2022 14:00,25,32,4,93,1024,15,0.057993427,600,2.319737096,92.4,0.357239513,0.3418,1.303474576,2.095392945
63,63,10/3/2022 15:00,10/3/2022 15:00,24.84,31,5,84,1023,15,0.057993427,600,2.319737096,92.4,0.357239513,0.3418,1.303474576,2.095392945
64,64,10/3/2022 16:00,10/3/2022 16:00,24.17,31,5,80,1023,15,0.057993427,600,2.319737096,92.4,0.357239513,0.3418,1.303474576,2.095392945
65,65,10/3/2022 17:00,10/3/2022 17:00,22.22,34,3,77,1023,12,0.046394742,600,2.319737096,89.4,0.345640827,0.29944,1.141932203,2.070518918
66,66,10/3/2022 18:00,10/3/2022 18:00,19.67,39,1,71,1023,5,0.019331142,300,1.159868548,82.4,0.318577228,0.2006,0.765,1.935195267
67,67,10/3/2022 19:00,10/3/2022 19:00,17.72,43,2,72,1024,4,0.015464914,300,1.159868548,81.4,0.314710999,0.18648,0.711152542,1.923205336
68,68,10/3/2022 20:00,10/3/2022 20:00,16.22,48,2,80,1024,2,0.007732457,300,1.159868548,79.4,0.306978542,0.15824,0.603457627,1.888942582
69,69,10/3/2022 21:00,10/3/2022 21:00,15.39,48,2,82,1024,0,0,0,0,77.4,0.299246085,0.13,0.495762712,1.761686733
70,70,10/3/2022 22:00,10/3/2022 22:00,14.11,51,1,78,1024,0,0,0,0,77.4,0.299246085,0.13,0.495762712,1.761686733
71,71,10/3/2022 23:00,10/3/2022 23:00,12.67,57,1,68,1024,0,0,0,0,77.4,0.299246085,0.13,0.495762712,1.761686733
72,72,10/4/2022 0:00,10/4/2022 0:00,11.45,62,1,57,1024,0,0,0,0,77.4,0.299246085,0.13,0.495762712,1.761686733
73,73,10/4/2022 1:00,10/4/2022 1:00,10.67,64,1,42,1024,0,0,0,0,77.4,0.299246085,0.13,0.495762712,1.761686733
74,74,10/4/2022 2:00,10/4/2022 2:00,10.22,66,1,61,1023,0,0,0,0,77.4,0.299246085,0.13,0.495762712,1.761686733
75,75,10/4/2022 3:00,10/4/2022 3:00,10.17,65,1,67,1023,0,0,0,0,77.4,0.299246085,0.13,0.495762712,1.761686733
76,76,10/4/2022 4:00,10/4/2022 4:00,9.72,67,1,53,1023,0,0,0,0,77.4,0.299246085,0.13,0.495762712,1.761686733
77,77,10/4/2022 5:00,10/4/2022 5:00,8.89,71,1,65,1023,0,0,0,0,77.4,0.299246085,0.13,0.495762712,1.761686733
78,78,10/4/2022 6:00,10/4/2022 6:00,8.61,74,1,83,1024,0,0,0,0,77.4,0.299246085,0.13,0.495762712,1.761686733
79,79,10/4/2022 7:00,10/4/2022 7:00,11.78,62,1,76,1024,0,0,0,0,77.4,0.299246085,0.13,0.495762712,1.761686733
80,80,10/4/2022 8:00,10/4/2022 8:00,16,51,2,107,1024,5,0.019331142,300,1.159868548,82.4,0.318577228,0.2006,0.765,1.935195267
81,81,10/4/2022 9:00,10/4/2022 9:00,19.06,42,3,125,1024,15,0.057993427,600,2.319737096,92.4,0.357239513,0.3418,1.303474576,2.095392945
82,82,10/4/2022 10:00,10/4/2022 10:00,20.5,38,4,149,1024,44,0.170114054,900,3.479605645,121.4,0.469360139,0.75128,2.865050847,2.39331226
83,83,10/4/2022 11:00,10/4/2022 11:00,21.84,33,4,115,1023,42,0.162381597,900,3.479605645,119.4,0.461627682,0.72304,2.757355932,2.384573836
84,84,10/4/2022 12:00,10/4/2022 12:00,23.22,28,5,111,1022,42,0.162381597,900,3.479605645,119.4,0.461627682,0.72304,2.757355932,2.384573836
85,85,10/4/2022 13:00,10/4/2022 13:00,23.95,24,4,123,1021,35,0.135317997,900,3.479605645,112.4,0.434564083,0.6242,2.380423729,2.306009301
86,86,10/4/2022 14:00,10/4/2022 14:00,24.28,23,4,105,1021,33,0.12758554,600,2.319737096,110.4,0.426831626,0.59596,2.272728814,2.19208463
87,87,10/4/2022 15:00,10/4/2022 15:00,24.45,24,3,90,1020,30,0.115986855,600,2.319737096,107.4,0.41523294,0.5536,2.111186441,2.17025889
88,88,10/4/2022 16:00,10/4/2022 16:00,24,24,1,87,1020,15,0.057993427,600,2.319737096,92.4,0.357239513,0.3418,1.303474576,2.095392945
89,89,10/4/2022 17:00,10/4/2022 17:00,21.95,28,1,92,1020,5,0.019331142,300,1.159868548,82.4,0.318577228,0.2006,0.765,1.935195267
90,90,10/4/2022 18:00,10/4/2022 18:00,19.17,34,1,68,1021,2,0.007732457,300,1.159868548,79.4,0.306978542,0.15824,0.603457627,1.888942582
91,91,10/4/2022 19:00,10/4/2022 19:00,17.17,39,1,71,1021,3,0.011598685,300,1.159868548,80.4,0.310844771,0.17236,0.657305085,1.907923253
92,92,10/4/2022 20:00,10/4/2022 20:00,16,41,1,66,1021,2,0.007732457,300,1.159868548,79.4,0.306978542,0.15824,0.603457627,1.888942582
93,93,10/4/2022 21:00,10/4/2022 21:00,15.06,43,1,70,1021,1,0.003866228,300,1.159868548,78.4,0.303112314,0.14412,0.549610169,1.86666976
94,94,10/4/2022 22:00,10/4/2022 22:00,14.39,43,1,78,1021,0,0,0,0,77.4,0.299246085,0.13,0.495762712,1.761686733
95,95,10/4/2022 23:00,10/4/2022 23:00,13.83,44,1,74,1021,0,0,0,0,77.4,0.299246085,0.13,0.495762712,1.761686733
96,96,10/5/2022 0:00,10/5/2022 0:00,12.72,48,1,76,1020,0,0,0,0,77.4,0.299246085,0.13,0.495762712,1.761686733
97,97,10/5/2022 1:00,10/5/2022 1:00,11.95,51,1,83,1020,0,0,0,0,77.4,0.299246085,0.13,0.495762712,1.761686733
98,98,10/5/2022 2:00,10/5/2022 2:00,10.78,56,1,61,1020,0,0,0,0,77.4,0.299246085,0.13,0.495762712,1.761686733
99,99,10/5/2022 3:00,10/5/2022 3:00,10.45,58,1,77,1020,0,0,0,0,77.4,0.299246085,0.13,0.495762712,1.761686733
100,100,10/5/2022 4:00,10/5/2022 4:00,9.72,62,1,73,1020,0,0,0,0,77.4,0.299246085,0.13,0.495762712,1.761686733
101,101,10/5/2022 5:00,10/5/2022 5:00,10.5,60,1,76,1021,0,0,0,0,77.4,0.299246085,0.13,0.495762712,1.761686733
102,102,10/5/2022 6:00,10/5/2022 6:00,11.22,60,1,85,1021,0,0,0,0,77.4,0.299246085,0.13,0.495762712,1.761686733
103,103,10/5/2022 7:00,10/5/2022 7:00,12.5,59,1,91,1021,5,0.019331142,300,1.159868548,82.4,0.318577228,0.2006,0.765,1.935195267
104,104,10/5/2022 8:00,10/5/2022 8:00,16.28,50,1,177,1021,22,0.085057027,600,2.319737096,99.4,0.384303112,0.44064,1.68040678,2.127704795
105,105,10/5/2022 9:00,10/5/2022 9:00,20.28,40,4,181,1021,62,0.239706167,900,3.479605645,139.4,0.538952252,1.00544,3.834305085,2.73356213
106,106,10/5/2022 10:00,10/5/2022 10:00,21.28,37,4,189,1020,62,0.239706167,900,3.479605645,139.4,0.538952252,1.00544,3.834305085,2.73356213
107,107,10/5/2022 11:00,10/5/2022 11:00,21.61,38,3,182,1020,60,0.23197371,900,3.479605645,137.4,0.531219795,0.9772,3.726610169,2.679871623
108,108,10/5/2022 12:00,10/5/2022 12:00,21.56,43,2,139,1019,59,0.228107481,900,3.479605645,136.4,0.527353567,0.96308,3.672762712,2.653229589
109,109,10/5/2022 13:00,10/5/2022 13:00,22.56,39,3,172,1018,32,0.123719312,600,2.319737096,109.4,0.422965397,0.58184,2.218881356,2.18466713
110,110,10/5/2022 14:00,10/5/2022 14:00,23.67,36,1,198,1018,15,0.057993427,600,2.319737096,92.4,0.357239513,0.3418,1.303474576,2.095392945
111,111,10/5/2022 15:00,10/5/2022 15:00,23.67,38,3,212,1018,15,0.057993427,600,2.319737096,92.4,0.357239513,0.3418,1.303474576,2.095392945
112,112,10/5/2022 16:00,10/5/2022 16:00,23.11,41,1,165,1017,15,0.057993427,600,2.319737096,92.4,0.357239513,0.3418,1.303474576,2.095392945
113,113,10/5/2022 17:00,10/5/2022 17:00,22.84,42,1,186,1017,12,0.046394742,600,2.319737096,89.4,0.345640827,0.29944,1.141932203,2.070518918
114,114,10/5/2022 18:00,10/5/2022 18:00,20.95,48,1,100,1017,5,0.019331142,300,1.159868548,82.4,0.318577228,0.2006,0.765,1.935195267
115,115,10/5/2022 19:00,10/5/2022 19:00,19.22,53,1,153,1018,4,0.015464914,300,1.159868548,81.4,0.314710999,0.18648,0.711152542,1.923205336
116,116,10/5/2022 20:00,10/5/2022 20:00,17.28,62,1,112,1018,2,0.007732457,300,1.159868548,79.4,0.306978542,0.15824,0.603457627,1.888942582
117,117,10/5/2022 21:00,10/5/2022 21:00,17.61,62,1,66,1018,0,0,0,0,77.4,0.299246085,0.13,0.495762712,1.761686733
118,118,10/5/2022 22:00,10/5/2022 22:00,18.45,57,1,269,1018,0,0,0,0,77.4,0.299246085,0.13,0.495762712,1.761686733
119,119,10/5/2022 23:00,10/5/2022 23:00,17.72,61,2,279,1018,0,0,0,0,77.4,0.299246085,0.13,0.495762712,1.761686733
120,120,10/6/2022 0:00,10/6/2022 0:00,16.39,66,2,289,1018,0,0,0,0,77.4,0.299246085,0.13,0.495762712,1.761686733
121,121,10/6/2022 1:00,10/6/2022 1:00,15.78,69,1,290,1018,0,0,0,0,77.4,0.299246085,0.13,0.495762712,1.761686733
122,122,10/6/2022 2:00,10/6/2022 2:00,14.5,75,1,264,1018,0,0,0,0,77.4,0.299246085,0.13,0.495762712,1.761686733
123,123,10/6/2022 3:00,10/6/2022 3:00,13.33,80,1,255,1018,0,0,0,0,77.4,0.299246085,0.13,0.495762712,1.761686733
124,124,10/6/2022 4:00,10/6/2022 4:00,12.89,83,1,259,1019,0,0,0,0,77.4,0.299246085,0.13,0.495762712,1.761686733
125,125,10/6/2022 5:00,10/6/2022 5:00,12.22,88,1,266,1019,0,0,0,0,77.4,0.299246085,0.13,0.495762712,1.761686733
126,126,10/6/2022 6:00,10/6/2022 6:00,12.22,88,1,252,1020,0,0,0,0,77.4,0.299246085,0.13,0.495762712,1.761686733
127,127,10/6/2022 7:00,10/6/2022 7:00,13.17,84,2,253,1020,0,0,0,0,77.4,0.299246085,0.13,0.495762712,1.761686733
128,128,10/6/2022 8:00,10/6/2022 8:00,16.56,70,3,288,1021,5,0.019331142,300,1.159868548,82.4,0.318577228,0.2006,0.765,1.935195267
129,129,10/6/2022 9:00,10/6/2022 9:00,19.67,59,3,288,1021,15,0.057993427,600,2.319737096,92.4,0.357239513,0.3418,1.303474576,2.095392945
130,130,10/6/2022 10:00,10/6/2022 10:00,21.95,52,5,268,1021,44,0.170114054,900,3.479605645,121.4,0.469360139,0.75128,2.865050847,2.39331226
131,131,10/6/2022 11:00,10/6/2022 11:00,23.45,47,5,289,1021,42,0.162381597,900,3.479605645,119.4,0.461627682,0.72304,2.757355932,2.384573836
132,132,10/6/2022 12:00,10/6/2022 12:00,24.22,44,7,289,1020,42,0.162381597,900,3.479605645,119.4,0.461627682,0.72304,2.757355932,2.384573836
133,133,10/6/2022 13:00,10/6/2022 13:00,25,41,5,310,1020,35,0.135317997,900,3.479605645,112.4,0.434564083,0.6242,2.380423729,2.306009301
134,134,10/6/2022 14:00,10/6/2022 14:00,25.84,37,6,289,1020,33,0.12758554,600,2.319737096,110.4,0.426831626,0.59596,2.272728814,2.19208463
135,135,10/6/2022 15:00,10/6/2022 15:00,26.28,36,4,299,1020,30,0.115986855,600,2.319737096,107.4,0.41523294,0.5536,2.111186441,2.17025889
136,136,10/6/2022 16:00,10/6/2022 16:00,25.78,37,6,286,1020,15,0.057993427,600,2.319737096,92.4,0.357239513,0.3418,1.303474576,2.095392945
137,137,10/6/2022 17:00,10/6/2022 17:00,24.72,40,2,290,1020,5,0.019331142,300,1.159868548,82.4,0.318577228,0.2006,0.765,1.935195267
138,138,10/6/2022 18:00,10/6/2022 18:00,23.67,43,2,296,1020,2,0.007732457,300,1.159868548,79.4,0.306978542,0.15824,0.603457627,1.888942582
139,139,10/6/2022 19:00,10/6/2022 19:00,21.06,57,3,28,1022,3,0.011598685,300,1.159868548,80.4,0.310844771,0.17236,0.657305085,1.907923253
140,140,10/6/2022 20:00,10/6/2022 20:00,18.39,65,4,44,1023,2,0.007732457,300,1.159868548,79.4,0.306978542,0.15824,0.603457627,1.888942582
141,141,10/6/2022 21:00,10/6/2022 21:00,17.06,68,3,48,1024,1,0.003866228,300,1.159868548,78.4,0.303112314,0.14412,0.549610169,1.86666976
142,142,10/6/2022 22:00,10/6/2022 22:00,16,68,3,27,1025,0,0,0,0,77.4,0.299246085,0.13,0.495762712,1.761686733
143,143,10/6/2022 23:00,10/6/2022 23:00,14.72,66,2,11,1025,0,0,0,0,77.4,0.299246085,0.13,0.495762712,1.761686733
144,144,10/7/2022 0:00,10/7/2022 0:00,13.56,64,2,341,1025,0,0,0,0,77.4,0.299246085,0.13,0.495762712,1.761686733
145,145,10/7/2022 1:00,10/7/2022 1:00,12.45,67,2,341,1026,0,0,0,0,77.4,0.299246085,0.13,0.495762712,1.761686733
146,146,10/7/2022 2:00,10/7/2022 2:00,11.22,69,2,345,1026,0,0,0,0,77.4,0.299246085,0.13,0.495762712,1.761686733
147,147,10/7/2022 3:00,10/7/2022 3:00,10,70,2,15,1026,0,0,0,0,77.4,0.299246085,0.13,0.495762712,1.761686733
148,148,10/7/2022 4:00,10/7/2022 4:00,9,72,2,358,1027,0,0,0,0,77.4,0.299246085,0.13,0.495762712,1.761686733
149,149,10/7/2022 5:00,10/7/2022 5:00,8.22,73,1,5,1028,0,0,0,0,77.4,0.299246085,0.13,0.495762712,1.761686733
150,150,10/7/2022 6:00,10/7/2022 6:00,7.83,74,2,358,1029,0,0,0,0,77.4,0.299246085,0.13,0.495762712,1.761686733
151,151,10/7/2022 7:00,10/7/2022 7:00,8.45,70,3,12,1030,0,0,0,0,77.4,0.299246085,0.13,0.495762712,1.761686733
152,152,10/7/2022 8:00,10/7/2022 8:00,9.78,66,3,27,1030,5,0.019331142,300,1.159868548,82.4,0.318577228,0.2006,0.765,1.935195267
153,153,10/7/2022 9:00,10/7/2022 9:00,11.33,61,3,348,1030,11,0.042528513,600,2.319737096,88.4,0.341774599,0.28532,1.088084746,2.063101418
154,154,10/7/2022 10:00,10/7/2022 10:00,12.72,57,4,347,1031,13,0.05026097,600,2.319737096,90.4,0.349507056,0.31356,1.195779661,2.079684103
155,155,10/7/2022 11:00,10/7/2022 11:00,13.89,53,3,316,1031,14,0.054127199,600,2.319737096,91.4,0.353373284,0.32768,1.249627119,2.087975445
156,156,10/7/2022 12:00,10/7/2022 12:00,14.72,48,4,322,1030,4,0.015464914,300,1.159868548,81.4,0.314710999,0.18648,0.711152542,1.923205336
157,157,10/7/2022 13:00,10/7/2022 13:00,15.28,44,4,344,1029,12,0.046394742,600,2.319737096,89.4,0.345640827,0.29944,1.141932203,2.070518918
158,158,10/7/2022 14:00,10/7/2022 14:00,16.06,39,4,326,1029,12,0.046394742,600,2.319737096,89.4,0.345640827,0.29944,1.141932203,2.070518918
159,159,10/7/2022 15:00,10/7/2022 15:00,16,39,3,348,1029,11,0.042528513,600,2.319737096,88.4,0.341774599,0.28532,1.088084746,2.063101418
160,160,10/7/2022 16:00,10/7/2022 16:00,15.22,40,4,330,1029,10,0.038662285,300,1.159868548,87.4,0.33790837,0.2712,1.034237288,1.977769685
161,161,10/7/2022 17:00,10/7/2022 17:00,13.61,43,1,12,1029,5,0.019331142,300,1.159868548,82.4,0.318577228,0.2006,0.765,1.935195267
162,162,10/7/2022 18:00,10/7/2022 18:00,12,48,1,10,1030,6,0.023197371,300,1.159868548,83.4,0.322443456,0.21472,0.818847458,1.945234295
163,163,10/7/2022 19:00,10/7/2022 19:00,10.72,50,1,37,1030,2,0.007732457,300,1.159868548,79.4,0.306978542,0.15824,0.603457627,1.888942582
164,164,10/7/2022 20:00,10/7/2022 20:00,9.56,55,1,77,1031,3,0.011598685,300,1.159868548,80.4,0.310844771,0.17236,0.657305085,1.907923253
165,165,10/7/2022 21:00,10/7/2022 21:00,8.5,59,1,84,1031,0,0,0,0,77.4,0.299246085,0.13,0.495762712,1.761686733
166,166,10/7/2022 22:00,10/7/2022 22:00,7.45,64,1,83,1031,0,0,0,0,77.4,0.299246085,0.13,0.495762712,1.761686733
167,167,10/7/2022 23:00,10/7/2022 23:00,6.61,68,1,69,1031,0,0,0,0,77.4,0.299246085,0.13,0.495762712,1.761686733
168,168,10/8/2022 0:00,10/8/2022 0:00,5.61,74,1,85,1031,9,0.034796056,300,1.159868548,86.4,0.334042142,0.25708,0.980389831,1.971002486
169,169,10/8/2022 1:00,10/8/2022 1:00,4.83,77,1,86,1031,5,0.019331142,300,1.159868548,82.4,0.318577228,0.2006,0.765,1.935195267
170,170,10/8/2022 2:00,10/8/2022 2:00,3.78,83,1,92,1031,0,0,0,0,77.4,0.299246085,0.13,0.495762712,1.761686733
171,171,10/8/2022 3:00,10/8/2022 3:00,3.33,85,1,68,1031,0,0,0,0,77.4,0.299246085,0.13,0.495762712,1.761686733
172,172,10/8/2022 4:00,10/8/2022 4:00,2.61,86,1,48,1032,0,0,0,0,77.4,0.299246085,0.13,0.495762712,1.761686733
173,173,10/8/2022 5:00,10/8/2022 5:00,1.78,89,1,58,1032,0,0,0,0,77.4,0.299246085,0.13,0.495762712,1.761686733
174,174,10/8/2022 6:00,10/8/2022 6:00,1.89,89,1,66,1032,0,0,0,0,77.4,0.299246085,0.13,0.495762712,1.761686733
175,175,10/8/2022 7:00,10/8/2022 7:00,5.33,76,1,43,1032,5,0.019331142,300,1.159868548,82.4,0.318577228,0.2006,0.765,1.935195267
176,176,10/8/2022 8:00,10/8/2022 8:00,7.95,62,1,202,1033,4,0.015464914,300,1.159868548,81.4,0.314710999,0.18648,0.711152542,1.923205336
177,177,10/8/2022 9:00,10/8/2022 9:00,11.06,47,1,236,1033,0,0,0,0,77.4,0.299246085,0.13,0.495762712,1.761686733
178,178,10/8/2022 10:00,10/8/2022 10:00,12.56,36,2,241,1032,0,0,0,0,77.4,0.299246085,0.13,0.495762712,1.761686733
179,179,10/8/2022 11:00,10/8/2022 11:00,13.56,34,3,209,1032,0,0,0,0,77.4,0.299246085,0.13,0.495762712,1.761686733
180,180,10/8/2022 12:00,10/8/2022 12:00,14.67,30,4,240,1030,0,0,0,0,77.4,0.299246085,0.13,0.495762712,1.761686733
181,181,10/8/2022 13:00,10/8/2022 13:00,15.56,28,4,266,1029,0,0,0,0,77.4,0.299246085,0.13,0.495762712,1.761686733
182,182,10/8/2022 14:00,10/8/2022 14:00,16.28,28,5,248,1028,0,0,0,0,77.4,0.299246085,0.13,0.495762712,1.761686733
183,183,10/8/2022 15:00,10/8/2022 15:00,16.61,27,5,254,1027,0,0,0,0,77.4,0.299246085,0.13,0.495762712,1.761686733
184,184,10/8/2022 16:00,10/8/2022 16:00,16.45,28,4,262,1026,2,0.007732457,300,1.159868548,79.4,0.306978542,0.15824,0.603457627,1.888942582
185,185,10/8/2022 17:00,10/8/2022 17:00,15.28,30,2,250,1026,4,0.015464914,300,1.159868548,81.4,0.314710999,0.18648,0.711152542,1.923205336
186,186,10/8/2022 18:00,10/8/2022 18:00,12.67,39,1,118,1026,5,0.019331142,300,1.159868548,82.4,0.318577228,0.2006,0.765,1.935195267
187,187,10/8/2022 19:00,10/8/2022 19:00,10.33,47,1,103,1026,12,0.046394742,600,2.319737096,89.4,0.345640827,0.29944,1.141932203,2.070518918
188,188,10/8/2022 20:00,10/8/2022 20:00,8.83,54,1,100,1026,11,0.042528513,600,2.319737096,88.4,0.341774599,0.28532,1.088084746,2.063101418
189,189,10/8/2022 21:00,10/8/2022 21:00,7.67,60,1,69,1026,14,0.054127199,600,2.319737096,91.4,0.353373284,0.32768,1.249627119,2.087975445
190,190,10/8/2022 22:00,10/8/2022 22:00,6.61,66,1,74,1026,11,0.042528513,600,2.319737096,88.4,0.341774599,0.28532,1.088084746,2.063101418
191,191,10/8/2022 23:00,10/8/2022 23:00,6.22,67,1,96,1026,6,0.023197371,300,1.159868548,83.4,0.322443456,0.21472,0.818847458,1.945234295
192,192,10/9/2022 0:00,10/9/2022 0:00,6.56,63,1,92,1025,4,0.015464914,300,1.159868548,81.4,0.314710999,0.18648,0.711152542,1.923205336
193,193,10/9/2022 1:00,10/9/2022 1:00,6.44,62,1,101,1025,0,0,0,0,77.4,0.299246085,0.13,0.495762712,1.761686733
194,194,10/9/2022 2:00,10/9/2022 2:00,6.95,60,2,196,1024,0,0,0,0,77.4,0.299246085,0.13,0.495762712,1.761686733
195,195,10/9/2022 3:00,10/9/2022 3:00,6.17,63,1,102,1024,0,0,0,0,77.4,0.299246085,0.13,0.495762712,1.761686733
196,196,10/9/2022 4:00,10/9/2022 4:00,5.28,68,1,81,1024,0,0,0,0,77.4,0.299246085,0.13,0.495762712,1.761686733
197,197,10/9/2022 5:00,10/9/2022 5:00,5.78,66,1,197,1025,0,0,0,0,77.4,0.299246085,0.13,0.495762712,1.761686733
198,198,10/9/2022 6:00,10/9/2022 6:00,5.56,69,1,168,1025,0,0,0,0,77.4,0.299246085,0.13,0.495762712,1.761686733
199,199,10/9/2022 7:00,10/9/2022 7:00,7.83,63,1,197,1025,0,0,0,0,77.4,0.299246085,0.13,0.495762712,1.761686733
200,200,10/9/2022 8:00,10/9/2022 8:00,11.33,52,2,202,1025,0,0,0,0,77.4,0.299246085,0.13,0.495762712,1.761686733
201,201,10/9/2022 9:00,10/9/2022 9:00,15.67,40,3,223,1025,3,0.011598685,300,1.159868548,80.4,0.310844771,0.17236,0.657305085,1.907923253
202,202,10/9/2022 10:00,10/9/2022 10:00,19.5,32,5,240,1025,5,0.019331142,300,1.159868548,82.4,0.318577228,0.2006,0.765,1.935195267
203,203,10/9/2022 11:00,10/9/2022 11:00,21.28,29,7,238,1024,0,0,0,0,77.4,0.299246085,0.13,0.495762712,1.761686733
204,204,10/9/2022 12:00,10/9/2022 12:00,22,27,7,239,1023,0,0,0,0,77.4,0.299246085,0.13,0.495762712,1.761686733
205,205,10/9/2022 13:00,10/9/2022 13:00,22.67,25,7,234,1022,0,0,0,0,77.4,0.299246085,0.13,0.495762712,1.761686733
206,206,10/9/2022 14:00,10/9/2022 14:00,23.06,25,6,235,1021,0,0,0,0,77.4,0.299246085,0.13,0.495762712,1.761686733
207,207,10/9/2022 15:00,10/9/2022 15:00,23.39,26,5,250,1021,0,0,0,0,77.4,0.299246085,0.13,0.495762712,1.761686733
208,208,10/9/2022 16:00,10/9/2022 16:00,23.06,25,4,245,1021,3,0.011598685,300,1.159868548,80.4,0.310844771,0.17236,0.657305085,1.907923253
209,209,10/9/2022 17:00,10/9/2022 17:00,21.34,28,1,219,1021,4,0.015464914,300,1.159868548,81.4,0.314710999,0.18648,0.711152542,1.923205336
210,210,10/9/2022 18:00,10/9/2022 18:00,18.22,36,1,132,1021,6,0.023197371,300,1.159868548,83.4,0.322443456,0.21472,0.818847458,1.945234295
211,211,10/9/2022 19:00,10/9/2022 19:00,16.61,41,1,94,1021,12,0.046394742,600,2.319737096,89.4,0.345640827,0.29944,1.141932203,2.070518918
212,212,10/9/2022 20:00,10/9/2022 20:00,15.5,45,1,99,1021,11,0.042528513,600,2.319737096,88.4,0.341774599,0.28532,1.088084746,2.063101418
213,213,10/9/2022 21:00,10/9/2022 21:00,14.83,49,1,162,1021,13,0.05026097,600,2.319737096,90.4,0.349507056,0.31356,1.195779661,2.079684103
214,214,10/9/2022 22:00,10/9/2022 22:00,15.06,50,1,188,1021,12,0.046394742,600,2.319737096,89.4,0.345640827,0.29944,1.141932203,2.070518918
215,215,10/9/2022 23:00,10/9/2022 23:00,14.67,53,1,187,1021,5,0.019331142,300,1.159868548,82.4,0.318577228,0.2006,0.765,1.935195267
216,216,10/10/2022 0:00,10/10/2022 0:00,14.22,55,1,183,1021,0,0,0,0,77.4,0.299246085,0.13,0.495762712,1.761686733
217,217,10/10/2022 1:00,10/10/2022 1:00,12.89,61,1,120,1021,0,0,0,0,77.4,0.299246085,0.13,0.495762712,1.761686733
218,218,10/10/2022 2:00,10/10/2022 2:00,11.45,67,1,99,1021,0,0,0,0,77.4,0.299246085,0.13,0.495762712,1.761686733
219,219,10/10/2022 3:00,10/10/2022 3:00,10.33,73,1,81,1021,0,0,0,0,77.4,0.299246085,0.13,0.495762712,1.761686733
220,220,10/10/2022 4:00,10/10/2022 4:00,9.11,79,1,76,1021,0,0,0,0,77.4,0.299246085,0.13,0.495762712,1.761686733
221,221,10/10/2022 5:00,10/10/2022 5:00,8.67,81,1,78,1022,0,0,0,0,77.4,0.299246085,0.13,0.495762712,1.761686733
222,222,10/10/2022 6:00,10/10/2022 6:00,8.5,83,1,86,1022,0,0,0,0,77.4,0.299246085,0.13,0.495762712,1.761686733
223,223,10/10/2022 7:00,10/10/2022 7:00,11.5,73,1,89,1023,3,0.011598685,300,1.159868548,80.4,0.310844771,0.17236,0.657305085,1.907923253
224,224,10/10/2022 8:00,10/10/2022 8:00,15.45,64,1,195,1023,21,0.081190798,600,2.319737096,98.4,0.380436884,0.42652,1.626559322,2.1228885
225,225,10/10/2022 9:00,10/10/2022 9:00,18.67,57,2,219,1023,62,0.239706167,900,3.479605645,139.4,0.538952252,1.00544,3.834305085,2.73356213
226,226,10/10/2022 10:00,10/10/2022 10:00,22.17,48,2,117,1023,62,0.239706167,900,3.479605645,139.4,0.538952252,1.00544,3.834305085,2.73356213
227,227,10/10/2022 11:00,10/10/2022 11:00,24.61,41,3,117,1022,61,0.235839938,900,3.479605645,138.4,0.535086024,0.99132,3.780457627,2.706920096
228,228,10/10/2022 12:00,10/10/2022 12:00,26,37,3,204,1021,60,0.23197371,900,3.479605645,137.4,0.531219795,0.9772,3.726610169,2.679871623
229,229,10/10/2022 13:00,10/10/2022 13:00,26.89,37,4,229,1020,34,0.131451769,600,2.319737096,111.4,0.430697854,0.61008,2.326576271,2.238357637
230,230,10/10/2022 14:00,10/10/2022 14:00,26.89,39,4,178,1019,16,0.061859656,600,2.319737096,93.4,0.361105741,0.35592,1.357322034,2.099985699
231,231,10/10/2022 15:00,10/10/2022 15:00,26.95,37,3,236,1019,15,0.057993427,600,2.319737096,92.4,0.357239513,0.3418,1.303474576,2.095392945
232,232,10/10/2022 16:00,10/10/2022 16:00,26.89,34,4,222,1018,16,0.061859656,600,2.319737096,93.4,0.361105741,0.35592,1.357322034,2.099985699
233,233,10/10/2022 17:00,10/10/2022 17:00,24.72,41,2,183,1018,14,0.054127199,600,2.319737096,91.4,0.353373284,0.32768,1.249627119,2.087975445
234,234,10/10/2022 18:00,10/10/2022 18:00,22.67,50,1,134,1018,5,0.019331142,300,1.159868548,82.4,0.318577228,0.2006,0.765,1.935195267
235,235,10/10/2022 19:00,10/10/2022 19:00,21.78,53,1,78,1018,4,0.015464914,300,1.159868548,81.4,0.314710999,0.18648,0.711152542,1.923205336
236,236,10/10/2022 20:00,10/10/2022 20:00,20.5,58,1,62,1019,3,0.011598685,300,1.159868548,80.4,0.310844771,0.17236,0.657305085,1.907923253
237,237,10/10/2022 21:00,10/10/2022 21:00,20.33,59,2,189,1019,0,0,0,0,77.4,0.299246085,0.13,0.495762712,1.761686733
238,238,10/10/2022 22:00,10/10/2022 22:00,20.22,60,1,195,1019,0,0,0,0,77.4,0.299246085,0.13,0.495762712,1.761686733
239,239,10/10/2022 23:00,10/10/2022 23:00,18.83,66,1,196,1019,0,0,0,0,77.4,0.299246085,0.13,0.495762712,1.761686733
240,240,10/11/2022 0:00,10/11/2022 0:00,18.56,68,1,92,1018,0,0,0,0,77.4,0.299246085,0.13,0.495762712,1.761686733
241,241,10/11/2022 1:00,10/11/2022 1:00,18.78,68,1,106,1018,0,0,0,0,77.4,0.299246085,0.13,0.495762712,1.761686733
242,242,10/11/2022 2:00,10/11/2022 2:00,18.56,69,1,95,1018,0,0,0,0,77.4,0.299246085,0.13,0.495762712,1.761686733
243,243,10/11/2022 3:00,10/11/2022 3:00,18.67,69,1,112,1018,0,0,0,0,77.4,0.299246085,0.13,0.495762712,1.761686733
244,244,10/11/2022 4:00,10/11/2022 4:00,17.95,80,4,222,1019,0,0,0,0,77.4,0.299246085,0.13,0.495762712,1.761686733
245,245,10/11/2022 5:00,10/11/2022 5:00,17.06,87,1,188,1019,0,0,0,0,77.4,0.299246085,0.13,0.495762712,1.761686733
246,246,10/11/2022 6:00,10/11/2022 6:00,16.78,92,1,166,1019,0,0,0,0,77.4,0.299246085,0.13,0.495762712,1.761686733
247,247,10/11/2022 7:00,10/11/2022 7:00,16.89,93,2,138,1019,0,0,0,0,77.4,0.299246085,0.13,0.495762712,1.761686733
248,248,10/11/2022 8:00,10/11/2022 8:00,17,94,2,120,1019,5,0.019331142,300,1.159868548,82.4,0.318577228,0.2006,0.765,1.935195267
249,249,10/11/2022 9:00,10/11/2022 9:00,17.06,94,3,128,1019,13,0.05026097,600,2.319737096,90.4,0.349507056,0.31356,1.195779661,2.079684103
250,250,10/11/2022 10:00,10/11/2022 10:00,17.17,93,6,114,1018,45,0.173980282,900,3.479605645,122.4,0.473226368,0.7654,2.918898305,2.398982075
251,251,10/11/2022 11:00,10/11/2022 11:00,18.17,87,4,139,1017,44,0.170114054,900,3.479605645,121.4,0.469360139,0.75128,2.865050847,2.39331226
252,252,10/11/2022 12:00,10/11/2022 12:00,18.78,83,4,156,1016,43,0.166247825,900,3.479605645,120.4,0.465493911,0.73716,2.81120339,2.388943048
253,253,10/11/2022 13:00,10/11/2022 13:00,19.83,76,6,186,1015,33,0.12758554,600,2.319737096,110.4,0.426831626,0.59596,2.272728814,2.19208463
254,254,10/11/2022 14:00,10/11/2022 14:00,20.39,73,7,193,1015,34,0.131451769,600,2.319737096,111.4,0.430697854,0.61008,2.326576271,2.238357637
255,255,10/11/2022 15:00,10/11/2022 15:00,19.72,75,6,192,1015,32,0.123719312,600,2.319737096,109.4,0.422965397,0.58184,2.218881356,2.18466713
256,256,10/11/2022 16:00,10/11/2022 16:00,18.83,82,5,183,1014,15,0.057993427,600,2.319737096,92.4,0.357239513,0.3418,1.303474576,2.095392945
257,257,10/11/2022 17:00,10/11/2022 17:00,18.83,80,5,187,1014,5,0.019331142,300,1.159868548,82.4,0.318577228,0.2006,0.765,1.935195267
258,258,10/11/2022 18:00,10/11/2022 18:00,18.67,81,3,149,1013,4,0.015464914,300,1.159868548,81.4,0.314710999,0.18648,0.711152542,1.923205336
259,259,10/11/2022 19:00,10/11/2022 19:00,18.22,84,3,143,1013,1,0.003866228,300,1.159868548,78.4,0.303112314,0.14412,0.549610169,1.86666976
260,260,10/11/2022 20:00,10/11/2022 20:00,18.67,79,3,169,1013,3,0.011598685,300,1.159868548,80.4,0.310844771,0.17236,0.657305085,1.907923253
261,261,10/11/2022 21:00,10/11/2022 21:00,19.22,72,4,187,1013,2,0.007732457,300,1.159868548,79.4,0.306978542,0.15824,0.603457627,1.888942582
262,262,10/11/2022 22:00,10/11/2022 22:00,19.11,71,5,188,1013,0,0,0,0,77.4,0.299246085,0.13,0.495762712,1.761686733
263,263,10/11/2022 23:00,10/11/2022 23:00,18.45,71,4,181,1012,0,0,0,0,77.4,0.299246085,0.13,0.495762712,1.761686733
264,264,10/12/2022 0:00,10/12/2022 0:00,17.72,71,3,172,1011,0,0,0,0,77.4,0.299246085,0.13,0.495762712,1.761686733
265,265,10/12/2022 1:00,10/12/2022 1:00,17.72,68,4,188,1010,0,0,0,0,77.4,0.299246085,0.13,0.495762712,1.761686733
266,266,10/12/2022 2:00,10/12/2022 2:00,17.56,68,4,181,1010,0,0,0,0,77.4,0.299246085,0.13,0.495762712,1.761686733
267,267,10/12/2022 3:00,10/12/2022 3:00,17.06,70,4,180,1009,0,0,0,0,77.4,0.299246085,0.13,0.495762712,1.761686733
268,268,10/12/2022 4:00,10/12/2022 4:00,17.17,69,4,206,1009,0,0,0,0,77.4,0.299246085,0.13,0.495762712,1.761686733
269,269,10/12/2022 5:00,10/12/2022 5:00,16.56,80,6,263,1011,0,0,0,0,77.4,0.299246085,0.13,0.495762712,1.761686733
270,270,10/12/2022 6:00,10/12/2022 6:00,15.56,89,3,184,1010,0,0,0,0,77.4,0.299246085,0.13,0.495762712,1.761686733
271,271,10/12/2022 7:00,10/12/2022 7:00,15.39,90,3,151,1009,5,0.019331142,300,1.159868548,82.4,0.318577228,0.2006,0.765,1.935195267
272,272,10/12/2022 8:00,10/12/2022 8:00,15.95,89,4,260,1009,23,0.088923255,600,2.319737096,100.4,0.388169341,0.45476,1.734254237,2.132724308
273,273,10/12/2022 9:00,10/12/2022 9:00,16.11,88,7,265,1011,62,0.239706167,900,3.479605645,139.4,0.538952252,1.00544,3.834305085,2.73356213
274,274,10/12/2022 10:00,10/12/2022 10:00,16.06,84,7,269,1011,62,0.239706167,900,3.479605645,139.4,0.538952252,1.00544,3.834305085,2.73356213
275,275,10/12/2022 11:00,10/12/2022 11:00,17.61,68,7,288,1012,63,0.243572395,900,3.479605645,140.4,0.542818481,1.01956,3.888152542,2.759960301
276,276,10/12/2022 12:00,10/12/2022 12:00,19.06,56,7,274,1011,61,0.235839938,900,3.479605645,138.4,0.535086024,0.99132,3.780457627,2.706920096
277,277,10/12/2022 13:00,10/12/2022 13:00,20.22,43,9,280,1011,34,0.131451769,600,2.319737096,111.4,0.430697854,0.61008,2.326576271,2.238357637
278,278,10/12/2022 14:00,10/12/2022 14:00,20.89,36,7,271,1011,15,0.057993427,600,2.319737096,92.4,0.357239513,0.3418,1.303474576,2.095392945
279,279,10/12/2022 15:00,10/12/2022 15:00,21.17,31,8,263,1011,16,0.061859656,600,2.319737096,93.4,0.361105741,0.35592,1.357322034,2.099985699
280,280,10/12/2022 16:00,10/12/2022 16:00,20.78,28,7,260,1011,16,0.061859656,600,2.319737096,93.4,0.361105741,0.35592,1.357322034,2.099985699
281,281,10/12/2022 17:00,10/12/2022 17:00,19.17,30,3,247,1011,14,0.054127199,600,2.319737096,91.4,0.353373284,0.32768,1.249627119,2.087975445
282,282,10/12/2022 18:00,10/12/2022 18:00,17.39,36,1,234,1011,5,0.019331142,300,1.159868548,82.4,0.318577228,0.2006,0.765,1.935195267
283,283,10/12/2022 19:00,10/12/2022 19:00,16.78,39,4,283,1012,4,0.015464914,300,1.159868548,81.4,0.314710999,0.18648,0.711152542,1.923205336
284,284,10/12/2022 20:00,10/12/2022 20:00,15.28,46,7,321,1014,3,0.011598685,300,1.159868548,80.4,0.310844771,0.17236,0.657305085,1.907923253
285,285,10/12/2022 21:00,10/12/2022 21:00,13,57,1,295,1015,0,0,0,0,77.4,0.299246085,0.13,0.495762712,1.761686733
286,286,10/12/2022 22:00,10/12/2022 22:00,11.89,62,3,255,1015,0,0,0,0,77.4,0.299246085,0.13,0.495762712,1.761686733
287,287,10/12/2022 23:00,10/12/2022 23:00,10.95,62,3,246,1015,0,0,0,0,77.4,0.299246085,0.13,0.495762712,1.761686733
288,288,10/13/2022 0:00,10/13/2022 0:00,10.06,65,1,256,1014,0,0,0,0,77.4,0.299246085,0.13,0.495762712,1.761686733
289,289,10/13/2022 1:00,10/13/2022 1:00,9.5,65,3,257,1014,0,0,0,0,77.4,0.299246085,0.13,0.495762712,1.761686733
290,290,10/13/2022 2:00,10/13/2022 2:00,9,61,3,252,1014,0,0,0,0,77.4,0.299246085,0.13,0.495762712,1.761686733
291,291,10/13/2022 3:00,10/13/2022 3:00,8.67,58,3,252,1013,0,0,0,0,77.4,0.299246085,0.13,0.495762712,1.761686733
292,292,10/13/2022 4:00,10/13/2022 4:00,8.5,57,3,249,1013,0,0,0,0,77.4,0.299246085,0.13,0.495762712,1.761686733
293,293,10/13/2022 5:00,10/13/2022 5:00,8.22,56,5,247,1013,0,0,0,0,77.4,0.299246085,0.13,0.495762712,1.761686733
294,294,10/13/2022 6:00,10/13/2022 6:00,8.11,56,5,248,1013,0,0,0,0,77.4,0.299246085,0.13,0.495762712,1.761686733
295,295,10/13/2022 7:00,10/13/2022 7:00,9.45,51,6,247,1013,0,0,0,0,77.4,0.299246085,0.13,0.495762712,1.761686733
296,296,10/13/2022 8:00,10/13/2022 8:00,11.45,45,8,252,1013,5,0.019331142,300,1.159868548,82.4,0.318577228,0.2006,0.765,1.935195267
297,297,10/13/2022 9:00,10/13/2022 9:00,13.56,38,10,260,1013,15,0.057993427,600,2.319737096,92.4,0.357239513,0.3418,1.303474576,2.095392945
298,298,10/13/2022 10:00,10/13/2022 10:00,15,33,11,262,1013,44,0.170114054,900,3.479605645,121.4,0.469360139,0.75128,2.865050847,2.39331226
299,299,10/13/2022 11:00,10/13/2022 11:00,15.78,29,13,268,1012,44,0.170114054,900,3.479605645,121.4,0.469360139,0.75128,2.865050847,2.39331226
300,300,10/13/2022 12:00,10/13/2022 12:00,16.22,26,12,262,1012,43,0.166247825,900,3.479605645,120.4,0.465493911,0.73716,2.81120339,2.388943048
301,301,10/13/2022 13:00,10/13/2022 13:00,16.72,24,14,264,1011,35,0.135317997,900,3.479605645,112.4,0.434564083,0.6242,2.380423729,2.306009301
302,302,10/13/2022 14:00,10/13/2022 14:00,16.95,23,12,262,1011,34,0.131451769,600,2.319737096,111.4,0.430697854,0.61008,2.326576271,2.238357637
303,303,10/13/2022 15:00,10/13/2022 15:00,16.61,21,13,265,1011,31,0.119853083,600,2.319737096,108.4,0.419099169,0.56772,2.165033898,2.178103151
304,304,10/13/2022 16:00,10/13/2022 16:00,16,22,10,264,1012,15,0.057993427,600,2.319737096,92.4,0.357239513,0.3418,1.303474576,2.095392945
305,305,10/13/2022 17:00,10/13/2022 17:00,14.95,25,6,283,1011,5,0.019331142,300,1.159868548,82.4,0.318577228,0.2006,0.765,1.935195267
306,306,10/13/2022 18:00,10/13/2022 18:00,13.67,28,4,278,1012,4,0.015464914,300,1.159868548,81.4,0.314710999,0.18648,0.711152542,1.923205336
307,307,10/13/2022 19:00,10/13/2022 19:00,11.89,32,3,253,1012,2,0.007732457,300,1.159868548,79.4,0.306978542,0.15824,0.603457627,1.888942582
308,308,10/13/2022 20:00,10/13/2022 20:00,10.72,36,2,256,1012,2,0.007732457,300,1.159868548,79.4,0.306978542,0.15824,0.603457627,1.888942582
309,309,10/13/2022 21:00,10/13/2022 21:00,9.72,39,1,195,1012,1,0.003866228,300,1.159868548,78.4,0.303112314,0.14412,0.549610169,1.86666976
310,310,10/13/2022 22:00,10/13/2022 22:00,8.89,40,2,216,1012,0,0,0,0,77.4,0.299246085,0.13,0.495762712,1.761686733
311,311,10/13/2022 23:00,10/13/2022 23:00,7.95,43,1,233,1011,0,0,0,0,77.4,0.299246085,0.13,0.495762712,1.761686733
312,312,10/14/2022 0:00,10/14/2022 0:00,7.5,43,2,246,1011,0,0,0,0,77.4,0.299246085,0.13,0.495762712,1.761686733
313,313,10/14/2022 1:00,10/14/2022 1:00,6.89,46,2,237,1011,0,0,0,0,77.4,0.299246085,0.13,0.495762712,1.761686733
314,314,10/14/2022 2:00,10/14/2022 2:00,6.22,47,1,183,1011,0,0,0,0,77.4,0.299246085,0.13,0.495762712,1.761686733
315,315,10/14/2022 3:00,10/14/2022 3:00,5.72,49,2,202,1010,0,0,0,0,77.4,0.299246085,0.13,0.495762712,1.761686733
316,316,10/14/2022 4:00,10/14/2022 4:00,5.33,53,1,192,1010,0,0,0,0,77.4,0.299246085,0.13,0.495762712,1.761686733
317,317,10/14/2022 5:00,10/14/2022 5:00,4.67,57,3,187,1010,0,0,0,0,77.4,0.299246085,0.13,0.495762712,1.761686733
318,318,10/14/2022 6:00,10/14/2022 6:00,4.44,59,2,187,1010,0,0,0,0,77.4,0.299246085,0.13,0.495762712,1.761686733
319,319,10/14/2022 7:00,10/14/2022 7:00,6.33,55,4,192,1009,0,0,0,0,77.4,0.299246085,0.13,0.495762712,1.761686733
320,320,10/14/2022 8:00,10/14/2022 8:00,10.39,42,5,233,1010,3,0.011598685,300,1.159868548,80.4,0.310844771,0.17236,0.657305085,1.907923253
321,321,10/14/2022 9:00,10/14/2022 9:00,13.72,33,8,250,1009,4,0.015464914,300,1.159868548,81.4,0.314710999,0.18648,0.711152542,1.923205336
322,322,10/14/2022 10:00,10/14/2022 10:00,16.56,28,9,250,1009,13,0.05026097,600,2.319737096,90.4,0.349507056,0.31356,1.195779661,2.079684103
323,323,10/14/2022 11:00,10/14/2022 11:00,18.83,25,10,254,1008,14,0.054127199,600,2.319737096,91.4,0.353373284,0.32768,1.249627119,2.087975445
324,324,10/14/2022 12:00,10/14/2022 12:00,19.83,25,11,247,1007,4,0.015464914,300,1.159868548,81.4,0.314710999,0.18648,0.711152542,1.923205336
325,325,10/14/2022 13:00,10/14/2022 13:00,21.06,23,10,240,1006,10,0.038662285,300,1.159868548,87.4,0.33790837,0.2712,1.034237288,1.977769685
326,326,10/14/2022 14:00,10/14/2022 14:00,21.22,23,7,234,1005,11,0.042528513,600,2.319737096,88.4,0.341774599,0.28532,1.088084746,2.063101418
327,327,10/14/2022 15:00,10/14/2022 15:00,21.28,23,9,258,1005,12,0.046394742,600,2.319737096,89.4,0.345640827,0.29944,1.141932203,2.070518918
328,328,10/14/2022 16:00,10/14/2022 16:00,20.89,26,8,249,1006,11,0.042528513,600,2.319737096,88.4,0.341774599,0.28532,1.088084746,2.063101418
329,329,10/14/2022 17:00,10/14/2022 17:00,19.67,35,6,253,1006,5,0.019331142,300,1.159868548,82.4,0.318577228,0.2006,0.765,1.935195267
330,330,10/14/2022 18:00,10/14/2022 18:00,19.22,37,6,282,1007,5,0.019331142,300,1.159868548,82.4,0.318577228,0.2006,0.765,1.935195267
331,331,10/14/2022 19:00,10/14/2022 19:00,16.11,47,3,326,1008,4,0.015464914,300,1.159868548,81.4,0.314710999,0.18648,0.711152542,1.923205336
332,332,10/14/2022 20:00,10/14/2022 20:00,14.33,53,4,315,1010,2,0.007732457,300,1.159868548,79.4,0.306978542,0.15824,0.603457627,1.888942582
333,333,10/14/2022 21:00,10/14/2022 21:00,12.78,58,5,330,1011,0,0,0,0,77.4,0.299246085,0.13,0.495762712,1.761686733
334,334,10/14/2022 22:00,10/14/2022 22:00,10.5,56,4,330,1013,0,0,0,0,77.4,0.299246085,0.13,0.495762712,1.761686733
335,335,10/14/2022 23:00,10/14/2022 23:00,8.89,60,1,342,1013,0,0,0,0,77.4,0.299246085,0.13,0.495762712,1.761686733
336,336,10/15/2022 0:00,10/15/2022 0:00,7.78,63,1,259,1014,9,0.034796056,300,1.159868548,86.4,0.334042142,0.25708,0.980389831,1.971002486
337,337,10/15/2022 1:00,10/15/2022 1:00,6.5,71,1,252,1014,7,0.027063599,300,1.159868548,84.4,0.326309685,0.22884,0.872694915,1.95419626
338,338,10/15/2022 2:00,10/15/2022 2:00,5.17,80,1,77,1015,0,0,0,0,77.4,0.299246085,0.13,0.495762712,1.761686733
339,339,10/15/2022 3:00,10/15/2022 3:00,4.72,80,1,253,1015,0,0,0,0,77.4,0.299246085,0.13,0.495762712,1.761686733
340,340,10/15/2022 4:00,10/15/2022 4:00,3.22,87,1,83,1016,0,0,0,0,77.4,0.299246085,0.13,0.495762712,1.761686733
341,341,10/15/2022 5:00,10/15/2022 5:00,2.56,91,1,79,1016,0,0,0,0,77.4,0.299246085,0.13,0.495762712,1.761686733
342,342,10/15/2022 6:00,10/15/2022 6:00,2.33,90,1,79,1017,0,0,0,0,77.4,0.299246085,0.13,0.495762712,1.761686733
343,343,10/15/2022 7:00,10/15/2022 7:00,4.39,85,1,91,1017,0,0,0,0,77.4,0.299246085,0.13,0.495762712,1.761686733
344,344,10/15/2022 8:00,10/15/2022 8:00,8.33,65,1,166,1018,4,0.015464914,300,1.159868548,81.4,0.314710999,0.18648,0.711152542,1.923205336
345,345,10/15/2022 9:00,10/15/2022 9:00,10.45,47,1,212,1018,3,0.011598685,300,1.159868548,80.4,0.310844771,0.17236,0.657305085,1.907923253
346,346,10/15/2022 10:00,10/15/2022 10:00,12.45,37,2,39,1018,0,0,0,0,77.4,0.299246085,0.13,0.495762712,1.761686733
347,347,10/15/2022 11:00,10/15/2022 11:00,14.72,31,3,240,1018,0,0,0,0,77.4,0.299246085,0.13,0.495762712,1.761686733
348,348,10/15/2022 12:00,10/15/2022 12:00,16.5,28,4,238,1017,0,0,0,0,77.4,0.299246085,0.13,0.495762712,1.761686733
349,349,10/15/2022 13:00,10/15/2022 13:00,18,24,4,193,1016,0,0,0,0,77.4,0.299246085,0.13,0.495762712,1.761686733
350,350,10/15/2022 14:00,10/15/2022 14:00,19.28,23,4,201,1016,0,0,0,0,77.4,0.299246085,0.13,0.495762712,1.761686733
351,351,10/15/2022 15:00,10/15/2022 15:00,18.83,24,3,186,1016,0,0,0,0,77.4,0.299246085,0.13,0.495762712,1.761686733
352,352,10/15/2022 16:00,10/15/2022 16:00,18.17,26,3,189,1016,2,0.007732457,300,1.159868548,79.4,0.306978542,0.15824,0.603457627,1.888942582
353,353,10/15/2022 17:00,10/15/2022 17:00,17.22,29,1,149,1016,3,0.011598685,300,1.159868548,80.4,0.310844771,0.17236,0.657305085,1.907923253
354,354,10/15/2022 18:00,10/15/2022 18:00,16,35,1,102,1016,5,0.019331142,300,1.159868548,82.4,0.318577228,0.2006,0.765,1.935195267
355,355,10/15/2022 19:00,10/15/2022 19:00,14.5,41,1,114,1017,10,0.038662285,300,1.159868548,87.4,0.33790837,0.2712,1.034237288,1.977769685
356,356,10/15/2022 20:00,10/15/2022 20:00,12.22,52,2,80,1016,11,0.042528513,600,2.319737096,88.4,0.341774599,0.28532,1.088084746,2.063101418
357,357,10/15/2022 21:00,10/15/2022 21:00,11.39,54,1,195,1017,9,0.034796056,300,1.159868548,86.4,0.334042142,0.25708,0.980389831,1.971002486
358,358,10/15/2022 22:00,10/15/2022 22:00,12.06,50,2,194,1017,8,0.030929828,300,1.159868548,85.4,0.330175913,0.24296,0.926542373,1.963137904
359,359,10/15/2022 23:00,10/15/2022 23:00,10.39,59,1,80,1016,4,0.015464914,300,1.159868548,81.4,0.314710999,0.18648,0.711152542,1.923205336
360,360,10/16/2022 0:00,10/16/2022 0:00,9.89,60,1,152,1017,4,0.015464914,300,1.159868548,81.4,0.314710999,0.18648,0.711152542,1.923205336
361,361,10/16/2022 1:00,10/16/2022 1:00,10.17,60,1,191,1017,0,0,0,0,77.4,0.299246085,0.13,0.495762712,1.761686733
362,362,10/16/2022 2:00,10/16/2022 2:00,7.61,76,1,87,1017,0,0,0,0,77.4,0.299246085,0.13,0.495762712,1.761686733
363,363,10/16/2022 3:00,10/16/2022 3:00,7.11,80,1,79,1017,0,0,0,0,77.4,0.299246085,0.13,0.495762712,1.761686733
364,364,10/16/2022 4:00,10/16/2022 4:00,6.28,84,1,72,1017,0,0,0,0,77.4,0.299246085,0.13,0.495762712,1.761686733
365,365,10/16/2022 5:00,10/16/2022 5:00,6.95,77,1,348,1018,0,0,0,0,77.4,0.299246085,0.13,0.495762712,1.761686733
366,366,10/16/2022 6:00,10/16/2022 6:00,6.67,76,1,342,1019,0,0,0,0,77.4,0.299246085,0.13,0.495762712,1.761686733
367,367,10/16/2022 7:00,10/16/2022 7:00,8.5,65,2,341,1019,0,0,0,0,77.4,0.299246085,0.13,0.495762712,1.761686733
368,368,10/16/2022 8:00,10/16/2022 8:00,11.06,56,2,333,1020,0,0,0,0,77.4,0.299246085,0.13,0.495762712,1.761686733
369,369,10/16/2022 9:00,10/16/2022 9:00,14.33,48,2,14,1020,2,0.007732457,300,1.159868548,79.4,0.306978542,0.15824,0.603457627,1.888942582
370,370,10/16/2022 10:00,10/16/2022 10:00,15.95,42,3,314,1020,3,0.011598685,300,1.159868548,80.4,0.310844771,0.17236,0.657305085,1.907923253
371,371,10/16/2022 11:00,10/16/2022 11:00,16.89,39,5,290,1020,0,0,0,0,77.4,0.299246085,0.13,0.495762712,1.761686733
372,372,10/16/2022 12:00,10/16/2022 12:00,17.78,37,7,284,1019,0,0,0,0,77.4,0.299246085,0.13,0.495762712,1.761686733
373,373,10/16/2022 13:00,10/16/2022 13:00,18.45,34,8,285,1018,0,0,0,0,77.4,0.299246085,0.13,0.495762712,1.761686733
374,374,10/16/2022 14:00,10/16/2022 14:00,18.61,32,8,295,1018,0,0,0,0,77.4,0.299246085,0.13,0.495762712,1.761686733
375,375,10/16/2022 15:00,10/16/2022 15:00,18.33,35,8,292,1018,0,0,0,0,77.4,0.299246085,0.13,0.495762712,1.761686733
376,376,10/16/2022 16:00,10/16/2022 16:00,17.11,38,8,286,1018,0,0,0,0,77.4,0.299246085,0.13,0.495762712,1.761686733
377,377,10/16/2022 17:00,10/16/2022 17:00,15.56,38,6,289,1018,2,0.007732457,300,1.159868548,79.4,0.306978542,0.15824,0.603457627,1.888942582
378,378,10/16/2022 18:00,10/16/2022 18:00,14.11,39,5,283,1018,6,0.023197371,300,1.159868548,83.4,0.322443456,0.21472,0.818847458,1.945234295
379,379,10/16/2022 19:00,10/16/2022 19:00,12.89,41,4,282,1019,11,0.042528513,600,2.319737096,88.4,0.341774599,0.28532,1.088084746,2.063101418
380,380,10/16/2022 20:00,10/16/2022 20:00,11.95,43,5,287,1019,12,0.046394742,600,2.319737096,89.4,0.345640827,0.29944,1.141932203,2.070518918
381,381,10/16/2022 21:00,10/16/2022 21:00,10.67,46,4,318,1020,11,0.042528513,600,2.319737096,88.4,0.341774599,0.28532,1.088084746,2.063101418
382,382,10/16/2022 22:00,10/16/2022 22:00,9,52,3,348,1020,13,0.05026097,600,2.319737096,90.4,0.349507056,0.31356,1.195779661,2.079684103
383,383,10/16/2022 23:00,10/16/2022 23:00,7.5,54,3,329,1020,4,0.015464914,300,1.159868548,81.4,0.314710999,0.18648,0.711152542,1.923205336
384,384,10/17/2022 0:00,10/17/2022 0:00,6.89,48,4,309,1020,0,0,0,0,77.4,0.299246085,0.13,0.495762712,1.761686733
385,385,10/17/2022 1:00,10/17/2022 1:00,5.89,51,4,285,1020,0,0,0,0,77.4,0.299246085,0.13,0.495762712,1.761686733
386,386,10/17/2022 2:00,10/17/2022 2:00,4.89,53,5,284,1020,0,0,0,0,77.4,0.299246085,0.13,0.495762712,1.761686733
387,387,10/17/2022 3:00,10/17/2022 3:00,3.94,58,5,284,1020,0,0,0,0,77.4,0.299246085,0.13,0.495762712,1.761686733
388,388,10/17/2022 4:00,10/17/2022 4:00,3.39,59,6,286,1020,0,0,0,0,77.4,0.299246085,0.13,0.495762712,1.761686733
389,389,10/17/2022 5:00,10/17/2022 5:00,2.61,61,6,294,1020,0,0,0,0,77.4,0.299246085,0.13,0.495762712,1.761686733
390,390,10/17/2022 6:00,10/17/2022 6:00,1.83,62,6,293,1021,0,0,0,0,77.4,0.299246085,0.13,0.495762712,1.761686733
391,391,10/17/2022 7:00,10/17/2022 7:00,2.11,58,7,296,1021,5,0.019331142,300,1.159868548,82.4,0.318577228,0.2006,0.765,1.935195267
392,392,10/17/2022 8:00,10/17/2022 8:00,2.94,52,8,308,1022,23,0.088923255,600,2.319737096,100.4,0.388169341,0.45476,1.734254237,2.132724308
393,393,10/17/2022 9:00,10/17/2022 9:00,4.17,46,8,302,1022,63,0.243572395,900,3.479605645,140.4,0.542818481,1.01956,3.888152542,2.759960301
394,394,10/17/2022 10:00,10/17/2022 10:00,5.33,40,8,300,1022,62,0.239706167,900,3.479605645,139.4,0.538952252,1.00544,3.834305085,2.73356213
395,395,10/17/2022 11:00,10/17/2022 11:00,6.44,34,8,300,1022,61,0.235839938,900,3.479605645,138.4,0.535086024,0.99132,3.780457627,2.706920096
396,396,10/17/2022 12:00,10/17/2022 12:00,7.33,31,8,285,1022,60,0.23197371,900,3.479605645,137.4,0.531219795,0.9772,3.726610169,2.679871623
397,397,10/17/2022 13:00,10/17/2022 13:00,8.06,27,9,283,1021,33,0.12758554,600,2.319737096,110.4,0.426831626,0.59596,2.272728814,2.19208463
398,398,10/17/2022 14:00,10/17/2022 14:00,8.33,25,9,288,1021,16,0.061859656,600,2.319737096,93.4,0.361105741,0.35592,1.357322034,2.099985699
399,399,10/17/2022 15:00,10/17/2022 15:00,8.33,24,9,285,1021,14,0.054127199,600,2.319737096,91.4,0.353373284,0.32768,1.249627119,2.087975445
400,400,10/17/2022 16:00,10/17/2022 16:00,7.89,22,8,300,1021,15,0.057993427,600,2.319737096,92.4,0.357239513,0.3418,1.303474576,2.095392945
401,401,10/17/2022 17:00,10/17/2022 17:00,6.72,24,7,288,1021,13,0.05026097,600,2.319737096,90.4,0.349507056,0.31356,1.195779661,2.079684103
402,402,10/17/2022 18:00,10/17/2022 18:00,5.72,27,5,292,1021,4,0.015464914,300,1.159868548,81.4,0.314710999,0.18648,0.711152542,1.923205336
403,403,10/17/2022 19:00,10/17/2022 19:00,4.67,29,5,315,1022,5,0.019331142,300,1.159868548,82.4,0.318577228,0.2006,0.765,1.935195267
404,404,10/17/2022 20:00,10/17/2022 20:00,3.39,33,4,328,1022,1,0.003866228,300,1.159868548,78.4,0.303112314,0.14412,0.549610169,1.86666976
405,405,10/17/2022 21:00,10/17/2022 21:00,2.28,38,4,321,1022,0,0,0,0,77.4,0.299246085,0.13,0.495762712,1.761686733
406,406,10/17/2022 22:00,10/17/2022 22:00,1.28,41,4,318,1022,0,0,0,0,77.4,0.299246085,0.13,0.495762712,1.761686733
407,407,10/17/2022 23:00,10/17/2022 23:00,0.39,45,4,319,1022,0,0,0,0,77.4,0.299246085,0.13,0.495762712,1.761686733
408,408,10/18/2022 0:00,10/18/2022 0:00,0.11,46,4,312,1022,0,0,0,0,77.4,0.299246085,0.13,0.495762712,1.761686733
409,409,10/18/2022 1:00,10/18/2022 1:00,-0.39,48,5,304,1022,0,0,0,0,77.4,0.299246085,0.13,0.495762712,1.761686733
410,410,10/18/2022 2:00,10/18/2022 2:00,-1.22,52,5,298,1022,0,0,0,0,77.4,0.299246085,0.13,0.495762712,1.761686733
411,411,10/18/2022 3:00,10/18/2022 3:00,-1.83,56,4,308,1023,0,0,0,0,77.4,0.299246085,0.13,0.495762712,1.761686733
412,412,10/18/2022 4:00,10/18/2022 4:00,-2.39,60,4,307,1023,0,0,0,0,77.4,0.299246085,0.13,0.495762712,1.761686733
413,413,10/18/2022 5:00,10/18/2022 5:00,-2.72,63,5,307,1024,0,0,0,0,77.4,0.299246085,0.13,0.495762712,1.761686733
414,414,10/18/2022 6:00,10/18/2022 6:00,-3,65,5,298,1025,0,0,0,0,77.4,0.299246085,0.13,0.495762712,1.761686733
415,415,10/18/2022 7:00,10/18/2022 7:00,-2.22,63,5,298,1025,0,0,0,0,77.4,0.299246085,0.13,0.495762712,1.761686733
416,416,10/18/2022 8:00,10/18/2022 8:00,-0.39,57,5,314,1026,4,0.015464914,300,1.159868548,81.4,0.314710999,0.18648,0.711152542,1.923205336
417,417,10/18/2022 9:00,10/18/2022 9:00,1.61,52,6,305,1027,13,0.05026097,600,2.319737096,90.4,0.349507056,0.31356,1.195779661,2.079684103
418,418,10/18/2022 10:00,10/18/2022 10:00,3.72,45,6,290,1027,43,0.166247825,900,3.479605645,120.4,0.465493911,0.73716,2.81120339,2.388943048
419,419,10/18/2022 11:00,10/18/2022 11:00,5.5,40,7,281,1027,43,0.166247825,900,3.479605645,120.4,0.465493911,0.73716,2.81120339,2.388943048
420,420,10/18/2022 12:00,10/18/2022 12:00,6.67,36,7,288,1026,44,0.170114054,900,3.479605645,121.4,0.469360139,0.75128,2.865050847,2.39331226
421,421,10/18/2022 13:00,10/18/2022 13:00,7.83,34,7,283,1025,33,0.12758554,600,2.319737096,110.4,0.426831626,0.59596,2.272728814,2.19208463
422,422,10/18/2022 14:00,10/18/2022 14:00,8.17,32,8,286,1025,34,0.131451769,600,2.319737096,111.4,0.430697854,0.61008,2.326576271,2.238357637
423,423,10/18/2022 15:00,10/18/2022 15:00,8.11,32,8,280,1025,31,0.119853083,600,2.319737096,108.4,0.419099169,0.56772,2.165033898,2.178103151
424,424,10/18/2022 16:00,10/18/2022 16:00,7.67,33,7,282,1025,17,0.065725884,600,2.319737096,94.4,0.36497197,0.37004,1.411169492,2.10413137
425,425,10/18/2022 17:00,10/18/2022 17:00,6.44,35,6,277,1025,6,0.023197371,300,1.159868548,83.4,0.322443456,0.21472,0.818847458,1.945234295
426,426,10/18/2022 18:00,10/18/2022 18:00,5.39,38,4,282,1025,3,0.011598685,300,1.159868548,80.4,0.310844771,0.17236,0.657305085,1.907923253
427,427,10/18/2022 19:00,10/18/2022 19:00,4.33,41,4,279,1025,3,0.011598685,300,1.159868548,80.4,0.310844771,0.17236,0.657305085,1.907923253
428,428,10/18/2022 20:00,10/18/2022 20:00,3.44,44,4,279,1025,4,0.015464914,300,1.159868548,81.4,0.314710999,0.18648,0.711152542,1.923205336
429,429,10/18/2022 21:00,10/18/2022 21:00,2.39,46,5,254,1025,3,0.011598685,300,1.159868548,80.4,0.310844771,0.17236,0.657305085,1.907923253
430,430,10/18/2022 22:00,10/18/2022 22:00,2.11,46,5,284,1025,0,0,0,0,77.4,0.299246085,0.13,0.495762712,1.761686733
431,431,10/18/2022 23:00,10/18/2022 23:00,1.5,46,5,286,1025,0,0,0,0,77.4,0.299246085,0.13,0.495762712,1.761686733
432,432,10/19/2022 0:00,10/19/2022 0:00,0.61,48,4,287,1025,0,0,0,0,77.4,0.299246085,0.13,0.495762712,1.761686733
433,433,10/19/2022 1:00,10/19/2022 1:00,-0.39,53,2,273,1025,0,0,0,0,77.4,0.299246085,0.13,0.495762712,1.761686733
434,434,10/19/2022 2:00,10/19/2022 2:00,-1.44,57,3,247,1025,0,0,0,0,77.4,0.299246085,0.13,0.495762712,1.761686733
435,435,10/19/2022 3:00,10/19/2022 3:00,-1.72,57,4,254,1024,0,0,0,0,77.4,0.299246085,0.13,0.495762712,1.761686733
436,436,10/19/2022 4:00,10/19/2022 4:00,-2.17,58,4,246,1024,0,0,0,0,77.4,0.299246085,0.13,0.495762712,1.761686733
437,437,10/19/2022 5:00,10/19/2022 5:00,-2.94,66,4,253,1024,0,0,0,0,77.4,0.299246085,0.13,0.495762712,1.761686733
438,438,10/19/2022 6:00,10/19/2022 6:00,-3.5,71,5,250,1024,0,0,0,0,77.4,0.299246085,0.13,0.495762712,1.761686733
439,439,10/19/2022 7:00,10/19/2022 7:00,-2.61,65,5,247,1025,4,0.015464914,300,1.159868548,81.4,0.314710999,0.18648,0.711152542,1.923205336
440,440,10/19/2022 8:00,10/19/2022 8:00,0.56,46,5,251,1025,21,0.081190798,600,2.319737096,98.4,0.380436884,0.42652,1.626559322,2.1228885
441,441,10/19/2022 9:00,10/19/2022 9:00,3.56,36,6,256,1025,62,0.239706167,900,3.479605645,139.4,0.538952252,1.00544,3.834305085,2.73356213
442,442,10/19/2022 10:00,10/19/2022 10:00,5.44,30,8,262,1024,64,0.247438624,900,3.479605645,141.4,0.546684709,1.03368,3.942,2.787902938
443,443,10/19/2022 11:00,10/19/2022 11:00,6.83,27,7,256,1024,60,0.23197371,900,3.479605645,137.4,0.531219795,0.9772,3.726610169,2.679871623
444,444,10/19/2022 12:00,10/19/2022 12:00,8.06,24,7,251,1022,60,0.23197371,900,3.479605645,137.4,0.531219795,0.9772,3.726610169,2.679871623
445,445,10/19/2022 13:00,10/19/2022 13:00,9.11,20,7,259,1021,33,0.12758554,600,2.319737096,110.4,0.426831626,0.59596,2.272728814,2.19208463
446,446,10/19/2022 14:00,10/19/2022 14:00,9.78,18,6,262,1020,13,0.05026097,600,2.319737096,90.4,0.349507056,0.31356,1.195779661,2.079684103
447,447,10/19/2022 15:00,10/19/2022 15:00,10.17,18,5,261,1020,15,0.057993427,600,2.319737096,92.4,0.357239513,0.3418,1.303474576,2.095392945
448,448,10/19/2022 16:00,10/19/2022 16:00,9.72,18,4,253,1019,14,0.054127199,600,2.319737096,91.4,0.353373284,0.32768,1.249627119,2.087975445
449,449,10/19/2022 17:00,10/19/2022 17:00,8.67,20,1,234,1019,13,0.05026097,600,2.319737096,90.4,0.349507056,0.31356,1.195779661,2.079684103
450,450,10/19/2022 18:00,10/19/2022 18:00,7.06,27,1,102,1019,6,0.023197371,300,1.159868548,83.4,0.322443456,0.21472,0.818847458,1.945234295
451,451,10/19/2022 19:00,10/19/2022 19:00,4.78,37,1,74,1019,5,0.019331142,300,1.159868548,82.4,0.318577228,0.2006,0.765,1.935195267
452,452,10/19/2022 20:00,10/19/2022 20:00,4.5,33,1,136,1019,3,0.011598685,300,1.159868548,80.4,0.310844771,0.17236,0.657305085,1.907923253
453,453,10/19/2022 21:00,10/19/2022 21:00,4.44,34,1,169,1019,0,0,0,0,77.4,0.299246085,0.13,0.495762712,1.761686733
454,454,10/19/2022 22:00,10/19/2022 22:00,4.11,36,1,200,1018,0,0,0,0,77.4,0.299246085,0.13,0.495762712,1.761686733
455,455,10/19/2022 23:00,10/19/2022 23:00,3.44,39,1,181,1017,0,0,0,0,77.4,0.299246085,0.13,0.495762712,1.761686733
456,456,10/20/2022 0:00,10/20/2022 0:00,3.06,41,1,143,1017,0,0,0,0,77.4,0.299246085,0.13,0.495762712,1.761686733
457,457,10/20/2022 1:00,10/20/2022 1:00,2.94,43,1,195,1017,0,0,0,0,77.4,0.299246085,0.13,0.495762712,1.761686733
458,458,10/20/2022 2:00,10/20/2022 2:00,3,44,1,160,1016,0,0,0,0,77.4,0.299246085,0.13,0.495762712,1.761686733
459,459,10/20/2022 3:00,10/20/2022 3:00,3.44,43,2,193,1015,0,0,0,0,77.4,0.299246085,0.13,0.495762712,1.761686733
460,460,10/20/2022 4:00,10/20/2022 4:00,3.56,43,1,194,1015,0,0,0,0,77.4,0.299246085,0.13,0.495762712,1.761686733
461,461,10/20/2022 5:00,10/20/2022 5:00,3.44,45,1,187,1014,0,0,0,0,77.4,0.299246085,0.13,0.495762712,1.761686733
462,462,10/20/2022 6:00,10/20/2022 6:00,3.22,47,1,189,1014,0,0,0,0,77.4,0.299246085,0.13,0.495762712,1.761686733
463,463,10/20/2022 7:00,10/20/2022 7:00,4.83,45,2,187,1014,0,0,0,0,77.4,0.299246085,0.13,0.495762712,1.761686733
464,464,10/20/2022 8:00,10/20/2022 8:00,7.72,42,1,194,1014,4,0.015464914,300,1.159868548,81.4,0.314710999,0.18648,0.711152542,1.923205336
465,465,10/20/2022 9:00,10/20/2022 9:00,12,37,3,213,1014,13,0.05026097,600,2.319737096,90.4,0.349507056,0.31356,1.195779661,2.079684103
466,466,10/20/2022 10:00,10/20/2022 10:00,15.95,32,3,211,1013,45,0.173980282,900,3.479605645,122.4,0.473226368,0.7654,2.918898305,2.398982075
467,467,10/20/2022 11:00,10/20/2022 11:00,18.83,28,5,235,1013,42,0.162381597,900,3.479605645,119.4,0.461627682,0.72304,2.757355932,2.384573836
468,468,10/20/2022 12:00,10/20/2022 12:00,20.67,25,7,236,1012,42,0.162381597,900,3.479605645,119.4,0.461627682,0.72304,2.757355932,2.384573836
469,469,10/20/2022 13:00,10/20/2022 13:00,21.89,22,7,239,1011,34,0.131451769,600,2.319737096,111.4,0.430697854,0.61008,2.326576271,2.238357637
470,470,10/20/2022 14:00,10/20/2022 14:00,22.5,22,7,249,1010,34,0.131451769,600,2.319737096,111.4,0.430697854,0.61008,2.326576271,2.238357637
471,471,10/20/2022 15:00,10/20/2022 15:00,22.61,22,6,245,1010,31,0.119853083,600,2.319737096,108.4,0.419099169,0.56772,2.165033898,2.178103151
472,472,10/20/2022 16:00,10/20/2022 16:00,22.11,24,6,245,1010,16,0.061859656,600,2.319737096,93.4,0.361105741,0.35592,1.357322034,2.099985699
473,473,10/20/2022 17:00,10/20/2022 17:00,20,28,1,210,1010,6,0.023197371,300,1.159868548,83.4,0.322443456,0.21472,0.818847458,1.945234295
474,474,10/20/2022 18:00,10/20/2022 18:00,17.89,32,1,204,1011,3,0.011598685,300,1.159868548,80.4,0.310844771,0.17236,0.657305085,1.907923253
475,475,10/20/2022 19:00,10/20/2022 19:00,16.39,35,1,220,1011,4,0.015464914,300,1.159868548,81.4,0.314710999,0.18648,0.711152542,1.923205336
476,476,10/20/2022 20:00,10/20/2022 20:00,15.17,38,1,220,1011,2,0.007732457,300,1.159868548,79.4,0.306978542,0.15824,0.603457627,1.888942582
477,477,10/20/2022 21:00,10/20/2022 21:00,14.11,40,1,162,1011,2,0.007732457,300,1.159868548,79.4,0.306978542,0.15824,0.603457627,1.888942582
478,478,10/20/2022 22:00,10/20/2022 22:00,13.45,42,1,180,1011,0,0,0,0,77.4,0.299246085,0.13,0.495762712,1.761686733
479,479,10/20/2022 23:00,10/20/2022 23:00,13.33,43,1,212,1010,0,0,0,0,77.4,0.299246085,0.13,0.495762712,1.761686733
480,480,10/21/2022 0:00,10/21/2022 0:00,12.95,44,2,196,1010,0,0,0,0,77.4,0.299246085,0.13,0.495762712,1.761686733
481,481,10/21/2022 1:00,10/21/2022 1:00,12.22,47,2,179,1010,0,0,0,0,77.4,0.299246085,0.13,0.495762712,1.761686733
482,482,10/21/2022 2:00,10/21/2022 2:00,11.78,48,2,182,1010,0,0,0,0,77.4,0.299246085,0.13,0.495762712,1.761686733
483,483,10/21/2022 3:00,10/21/2022 3:00,11.67,49,1,184,1010,0,0,0,0,77.4,0.299246085,0.13,0.495762712,1.761686733
484,484,10/21/2022 4:00,10/21/2022 4:00,11,52,1,180,1010,0,0,0,0,77.4,0.299246085,0.13,0.495762712,1.761686733
485,485,10/21/2022 5:00,10/21/2022 5:00,10.33,54,1,105,1010,0,0,0,0,77.4,0.299246085,0.13,0.495762712,1.761686733
486,486,10/21/2022 6:00,10/21/2022 6:00,9.95,56,1,177,1010,0,0,0,0,77.4,0.299246085,0.13,0.495762712,1.761686733
487,487,10/21/2022 7:00,10/21/2022 7:00,11.83,51,3,192,1011,0,0,0,0,77.4,0.299246085,0.13,0.495762712,1.761686733
488,488,10/21/2022 8:00,10/21/2022 8:00,15.45,44,4,188,1011,4,0.015464914,300,1.159868548,81.4,0.314710999,0.18648,0.711152542,1.923205336
489,489,10/21/2022 9:00,10/21/2022 9:00,19.22,36,5,205,1011,10,0.038662285,300,1.159868548,87.4,0.33790837,0.2712,1.034237288,1.977769685
490,490,10/21/2022 10:00,10/21/2022 10:00,22.39,30,6,208,1011,13,0.05026097,600,2.319737096,90.4,0.349507056,0.31356,1.195779661,2.079684103
491,491,10/21/2022 11:00,10/21/2022 11:00,24.67,25,6,204,1010,14,0.054127199,600,2.319737096,91.4,0.353373284,0.32768,1.249627119,2.087975445
492,492,10/21/2022 12:00,10/21/2022 12:00,26.22,22,6,196,1009,3,0.011598685,300,1.159868548,80.4,0.310844771,0.17236,0.657305085,1.907923253
493,493,10/21/2022 13:00,10/21/2022 13:00,27.22,20,7,191,1008,11,0.042528513,600,2.319737096,88.4,0.341774599,0.28532,1.088084746,2.063101418
494,494,10/21/2022 14:00,10/21/2022 14:00,27.84,19,6,193,1007,14,0.054127199,600,2.319737096,91.4,0.353373284,0.32768,1.249627119,2.087975445
495,495,10/21/2022 15:00,10/21/2022 15:00,28.06,18,6,194,1007,14,0.054127199,600,2.319737096,91.4,0.353373284,0.32768,1.249627119,2.087975445
496,496,10/21/2022 16:00,10/21/2022 16:00,27.34,19,3,186,1007,11,0.042528513,600,2.319737096,88.4,0.341774599,0.28532,1.088084746,2.063101418
497,497,10/21/2022 17:00,10/21/2022 17:00,24.89,24,1,103,1006,6,0.023197371,300,1.159868548,83.4,0.322443456,0.21472,0.818847458,1.945234295
498,498,10/21/2022 18:00,10/21/2022 18:00,22.67,27,1,96,1007,5,0.019331142,300,1.159868548,82.4,0.318577228,0.2006,0.765,1.935195267
499,499,10/21/2022 19:00,10/21/2022 19:00,21.89,25,2,113,1007,3,0.011598685,300,1.159868548,80.4,0.310844771,0.17236,0.657305085,1.907923253
500,,10/21/2022 20:00,10/21/2022 20:00,21.34,24,2,142,1008,2,0.007732457,300,1.159868548,79.4,0.306978542,0.15824,0.603457627,1.888942582
501,,10/21/2022 21:00,10/21/2022 21:00,21.11,28,3,170,1008,0,0,0,0,77.4,0.299246085,0.13,0.495762712,1.761686733
502,,10/21/2022 22:00,10/21/2022 22:00,20.17,33,2,160,1008,0,0,0,0,77.4,0.299246085,0.13,0.495762712,1.761686733
503,,10/21/2022 23:00,10/21/2022 23:00,19.39,36,3,151,1008,0,0,0,0,77.4,0.299246085,0.13,0.495762712,1.761686733
504,,10/22/2022 0:00,10/22/2022 0:00,18.78,39,2,151,1008,11,0.042528513,600,2.319737096,88.4,0.341774599,0.28532,1.088084746,2.063101418
505,,10/22/2022 1:00,10/22/2022 1:00,18.33,41,2,153,1007,5,0.019331142,300,1.159868548,82.4,0.318577228,0.2006,0.765,1.935195267
506,,10/22/2022 2:00,10/22/2022 2:00,17.61,44,2,127,1007,0,0,0,0,77.4,0.299246085,0.13,0.495762712,1.761686733
507,,10/22/2022 3:00,10/22/2022 3:00,17.06,47,2,108,1007,0,0,0,0,77.4,0.299246085,0.13,0.495762712,1.761686733
508,,10/22/2022 4:00,10/22/2022 4:00,17,48,1,107,1007,0,0,0,0,77.4,0.299246085,0.13,0.495762712,1.761686733
509,,10/22/2022 5:00,10/22/2022 5:00,16.83,50,1,106,1007,0,0,0,0,77.4,0.299246085,0.13,0.495762712,1.761686733
510,,10/22/2022 6:00,10/22/2022 6:00,16.89,51,1,115,1007,0,0,0,0,77.4,0.299246085,0.13,0.495762712,1.761686733
511,,10/22/2022 7:00,10/22/2022 7:00,16.33,54,1,85,1008,0,0,0,0,77.4,0.299246085,0.13,0.495762712,1.761686733
512,,10/22/2022 8:00,10/22/2022 8:00,20.06,46,4,181,1008,2,0.007732457,300,1.159868548,79.4,0.306978542,0.15824,0.603457627,1.888942582
513,,10/22/2022 9:00,10/22/2022 9:00,23.28,39,6,187,1008,3,0.011598685,300,1.159868548,80.4,0.310844771,0.17236,0.657305085,1.907923253
514,,10/22/2022 10:00,10/22/2022 10:00,25.84,33,8,189,1008,0,0,0,0,77.4,0.299246085,0.13,0.495762712,1.761686733
515,,10/22/2022 11:00,10/22/2022 11:00,27.5,27,8,184,1007,0,0,0,0,77.4,0.299246085,0.13,0.495762712,1.761686733
516,,10/22/2022 12:00,10/22/2022 12:00,28.72,24,7,168,1006,0,0,0,0,77.4,0.299246085,0.13,0.495762712,1.761686733
517,,10/22/2022 13:00,10/22/2022 13:00,27.89,24,7,160,1005,0,0,0,0,77.4,0.299246085,0.13,0.495762712,1.761686733
518,,10/22/2022 14:00,10/22/2022 14:00,27.61,28,9,118,1004,0,0,0,0,77.4,0.299246085,0.13,0.495762712,1.761686733
519,,10/22/2022 15:00,10/22/2022 15:00,27,30,8,130,1004,0,0,0,0,77.4,0.299246085,0.13,0.495762712,1.761686733
520,,10/22/2022 16:00,10/22/2022 16:00,25.11,37,6,140,1005,0,0,0,0,77.4,0.299246085,0.13,0.495762712,1.761686733
521,,10/22/2022 17:00,10/22/2022 17:00,23.61,43,5,130,1006,3,0.011598685,300,1.159868548,80.4,0.310844771,0.17236,0.657305085,1.907923253
522,,10/22/2022 18:00,10/22/2022 18:00,22.56,46,4,136,1007,3,0.011598685,300,1.159868548,80.4,0.310844771,0.17236,0.657305085,1.907923253
523,,10/22/2022 19:00,10/22/2022 19:00,21.56,51,4,126,1008,8,0.030929828,300,1.159868548,85.4,0.330175913,0.24296,0.926542373,1.963137904
524,,10/22/2022 20:00,10/22/2022 20:00,20.84,54,4,116,1008,9,0.034796056,300,1.159868548,86.4,0.334042142,0.25708,0.980389831,1.971002486
525,,10/22/2022 21:00,10/22/2022 21:00,20.39,54,4,121,1009,11,0.042528513,600,2.319737096,88.4,0.341774599,0.28532,1.088084746,2.063101418
526,,10/22/2022 22:00,10/22/2022 22:00,20.22,54,4,140,1009,10,0.038662285,300,1.159868548,87.4,0.33790837,0.2712,1.034237288,1.977769685
527,,10/22/2022 23:00,10/22/2022 23:00,20.22,56,3,133,1008,6,0.023197371,300,1.159868548,83.4,0.322443456,0.21472,0.818847458,1.945234295
528,,10/23/2022 0:00,10/23/2022 0:00,19.95,58,4,116,1008,5,0.019331142,300,1.159868548,82.4,0.318577228,0.2006,0.765,1.935195267
529,,10/23/2022 1:00,10/23/2022 1:00,19.39,61,3,113,1008,0,0,0,0,77.4,0.299246085,0.13,0.495762712,1.761686733
530,,10/23/2022 2:00,10/23/2022 2:00,19.06,64,5,114,1007,0,0,0,0,77.4,0.299246085,0.13,0.495762712,1.761686733
531,,10/23/2022 3:00,10/23/2022 3:00,18.56,66,5,115,1007,0,0,0,0,77.4,0.299246085,0.13,0.495762712,1.761686733
532,,10/23/2022 4:00,10/23/2022 4:00,18.5,67,4,119,1007,0,0,0,0,77.4,0.299246085,0.13,0.495762712,1.761686733
533,,10/23/2022 5:00,10/23/2022 5:00,18.45,68,4,117,1007,0,0,0,0,77.4,0.299246085,0.13,0.495762712,1.761686733
534,,10/23/2022 6:00,10/23/2022 6:00,18.45,68,5,116,1007,0,0,0,0,77.4,0.299246085,0.13,0.495762712,1.761686733
535,,10/23/2022 7:00,10/23/2022 7:00,19.17,67,5,129,1008,0,0,0,0,77.4,0.299246085,0.13,0.495762712,1.761686733
536,,10/23/2022 8:00,10/23/2022 8:00,20.22,65,5,145,1008,0,0,0,0,77.4,0.299246085,0.13,0.495762712,1.761686733
537,,10/23/2022 9:00,10/23/2022 9:00,22.89,57,8,184,1008,2,0.007732457,300,1.159868548,79.4,0.306978542,0.15824,0.603457627,1.888942582
538,,10/23/2022 10:00,10/23/2022 10:00,24.11,54,7,189,1008,2,0.007732457,300,1.159868548,79.4,0.306978542,0.15824,0.603457627,1.888942582
539,,10/23/2022 11:00,10/23/2022 11:00,24.67,53,7,172,1008,0,0,0,0,77.4,0.299246085,0.13,0.495762712,1.761686733
540,,10/23/2022 12:00,10/23/2022 12:00,26.84,46,6,158,1007,0,0,0,0,77.4,0.299246085,0.13,0.495762712,1.761686733
541,,10/23/2022 13:00,10/23/2022 13:00,28.22,42,7,149,1006,0,0,0,0,77.4,0.299246085,0.13,0.495762712,1.761686733
542,,10/23/2022 14:00,10/23/2022 14:00,29,40,8,168,1006,0,0,0,0,77.4,0.299246085,0.13,0.495762712,1.761686733
543,,10/23/2022 15:00,10/23/2022 15:00,27.78,43,5,156,1006,0,0,0,0,77.4,0.299246085,0.13,0.495762712,1.761686733
544,,10/23/2022 16:00,10/23/2022 16:00,27.06,46,7,119,1006,3,0.011598685,300,1.159868548,80.4,0.310844771,0.17236,0.657305085,1.907923253
545,,10/23/2022 17:00,10/23/2022 17:00,26.06,47,7,124,1006,5,0.019331142,300,1.159868548,82.4,0.318577228,0.2006,0.765,1.935195267
546,,10/23/2022 18:00,10/23/2022 18:00,24.84,50,7,137,1007,6,0.023197371,300,1.159868548,83.4,0.322443456,0.21472,0.818847458,1.945234295
547,,10/23/2022 19:00,10/23/2022 19:00,24.06,52,6,146,1008,11,0.042528513,600,2.319737096,88.4,0.341774599,0.28532,1.088084746,2.063101418
548,,10/23/2022 20:00,10/23/2022 20:00,22.95,57,7,136,1008,10,0.038662285,300,1.159868548,87.4,0.33790837,0.2712,1.034237288,1.977769685
549,,10/23/2022 21:00,10/23/2022 21:00,22.61,58,6,152,1008,12,0.046394742,600,2.319737096,89.4,0.345640827,0.29944,1.141932203,2.070518918
550,,10/23/2022 22:00,10/23/2022 22:00,22.78,55,7,178,1009,14,0.054127199,600,2.319737096,91.4,0.353373284,0.32768,1.249627119,2.087975445
551,,10/23/2022 23:00,10/23/2022 23:00,22.89,54,6,190,1009,6,0.023197371,300,1.159868548,83.4,0.322443456,0.21472,0.818847458,1.945234295
552,,10/24/2022 0:00,10/24/2022 0:00,22.61,54,4,182,1010,0,0,0,0,77.4,0.299246085,0.13,0.495762712,1.761686733
553,,10/24/2022 1:00,10/24/2022 1:00,22.22,55,4,175,1010,0,0,0,0,77.4,0.299246085,0.13,0.495762712,1.761686733
554,,10/24/2022 2:00,10/24/2022 2:00,21.84,56,4,168,1009,0,0,0,0,77.4,0.299246085,0.13,0.495762712,1.761686733
555,,10/24/2022 3:00,10/24/2022 3:00,21.45,58,4,162,1009,0,0,0,0,77.4,0.299246085,0.13,0.495762712,1.761686733
556,,10/24/2022 4:00,10/24/2022 4:00,21.11,60,4,169,1009,0,0,0,0,77.4,0.299246085,0.13,0.495762712,1.761686733
557,,10/24/2022 5:00,10/24/2022 5:00,20.72,62,3,162,1009,0,0,0,0,77.4,0.299246085,0.13,0.495762712,1.761686733
558,,10/24/2022 6:00,10/24/2022 6:00,20.22,65,3,138,1009,0,0,0,0,77.4,0.299246085,0.13,0.495762712,1.761686733
559,,10/24/2022 7:00,10/24/2022 7:00,20.33,67,4,152,1009,7,0.027063599,300,1.159868548,84.4,0.326309685,0.22884,0.872694915,1.95419626
560,,10/24/2022 8:00,10/24/2022 8:00,21.11,66,5,148,1009,21,0.081190798,600,2.319737096,98.4,0.380436884,0.42652,1.626559322,2.1228885
561,,10/24/2022 9:00,10/24/2022 9:00,21.67,65,4,157,1009,65,0.251304852,900,3.479605645,142.4,0.550550938,1.0478,3.995847458,2.814748192
562,,10/24/2022 10:00,10/24/2022 10:00,21.95,65,5,161,1009,63,0.243572395,900,3.479605645,140.4,0.542818481,1.01956,3.888152542,2.759960301
563,,10/24/2022 11:00,10/24/2022 11:00,22.56,64,5,149,1008,60,0.23197371,900,3.479605645,137.4,0.531219795,0.9772,3.726610169,2.679871623
564,,10/24/2022 12:00,10/24/2022 12:00,22.5,64,6,165,1007,58,0.224241253,900,3.479605645,135.4,0.523487338,0.94896,3.618915254,2.625307274
565,,10/24/2022 13:00,10/24/2022 13:00,22.34,66,5,152,1006,33,0.12758554,600,2.319737096,110.4,0.426831626,0.59596,2.272728814,2.19208463
566,,10/24/2022 14:00,10/24/2022 14:00,19.72,84,3,148,1006,16,0.061859656,600,2.319737096,93.4,0.361105741,0.35592,1.357322034,2.099985699
567,,10/24/2022 15:00,10/24/2022 15:00,19.78,84,4,136,1005,14,0.054127199,600,2.319737096,91.4,0.353373284,0.32768,1.249627119,2.087975445
568,,10/24/2022 16:00,10/24/2022 16:00,20.17,78,3,136,1005,14,0.054127199,600,2.319737096,91.4,0.353373284,0.32768,1.249627119,2.087975445
569,,10/24/2022 17:00,10/24/2022 17:00,17.28,86,5,264,1006,12,0.046394742,600,2.319737096,89.4,0.345640827,0.29944,1.141932203,2.070518918
570,,10/24/2022 18:00,10/24/2022 18:00,13.45,93,4,317,1008,6,0.023197371,300,1.159868548,83.4,0.322443456,0.21472,0.818847458,1.945234295
571,,10/24/2022 19:00,10/24/2022 19:00,13.61,94,2,111,1008,3,0.011598685,300,1.159868548,80.4,0.310844771,0.17236,0.657305085,1.907923253
572,,10/24/2022 20:00,10/24/2022 20:00,14.06,95,1,130,1008,2,0.007732457,300,1.159868548,79.4,0.306978542,0.15824,0.603457627,1.888942582
573,,10/24/2022 21:00,10/24/2022 21:00,14.45,95,1,133,1008,0,0,0,0,77.4,0.299246085,0.13,0.495762712,1.761686733
574,,10/24/2022 22:00,10/24/2022 22:00,13.45,95,4,276,1008,0,0,0,0,77.4,0.299246085,0.13,0.495762712,1.761686733
575,,10/24/2022 23:00,10/24/2022 23:00,12.56,94,4,291,1008,0,0,0,0,77.4,0.299246085,0.13,0.495762712,1.761686733
576,,10/25/2022 0:00,10/25/2022 0:00,11.45,93,5,302,1008,0,0,0,0,77.4,0.299246085,0.13,0.495762712,1.761686733
577,,10/25/2022 1:00,10/25/2022 1:00,10.83,94,4,322,1008,0,0,0,0,77.4,0.299246085,0.13,0.495762712,1.761686733
578,,10/25/2022 2:00,10/25/2022 2:00,10.61,94,3,336,1008,0,0,0,0,77.4,0.299246085,0.13,0.495762712,1.761686733
579,,10/25/2022 3:00,10/25/2022 3:00,9.78,93,3,345,1008,0,0,0,0,77.4,0.299246085,0.13,0.495762712,1.761686733
580,,10/25/2022 4:00,10/25/2022 4:00,9.17,93,4,345,1007,0,0,0,0,77.4,0.299246085,0.13,0.495762712,1.761686733
581,,10/25/2022 5:00,10/25/2022 5:00,8.78,93,4,22,1007,0,0,0,0,77.4,0.299246085,0.13,0.495762712,1.761686733
582,,10/25/2022 6:00,10/25/2022 6:00,7.67,92,5,2,1006,0,0,0,0,77.4,0.299246085,0.13,0.495762712,1.761686733
583,,10/25/2022 7:00,10/25/2022 7:00,7.06,91,4,344,1007,0,0,0,0,77.4,0.299246085,0.13,0.495762712,1.761686733
584,,10/25/2022 8:00,10/25/2022 8:00,6.5,92,4,337,1008,4,0.015464914,300,1.159868548,81.4,0.314710999,0.18648,0.711152542,1.923205336
585,,10/25/2022 9:00,10/25/2022 9:00,7.06,90,5,342,1007,16,0.061859656,600,2.319737096,93.4,0.361105741,0.35592,1.357322034,2.099985699
586,,10/25/2022 10:00,10/25/2022 10:00,6.78,87,6,18,1006,45,0.173980282,900,3.479605645,122.4,0.473226368,0.7654,2.918898305,2.398982075
587,,10/25/2022 11:00,10/25/2022 11:00,7.33,82,6,340,1005,44,0.170114054,900,3.479605645,121.4,0.469360139,0.75128,2.865050847,2.39331226
588,,10/25/2022 12:00,10/25/2022 12:00,8.11,75,7,303,1006,44,0.170114054,900,3.479605645,121.4,0.469360139,0.75128,2.865050847,2.39331226
589,,10/25/2022 13:00,10/25/2022 13:00,8.11,71,7,298,1006,34,0.131451769,600,2.319737096,111.4,0.430697854,0.61008,2.326576271,2.238357637
590,,10/25/2022 14:00,10/25/2022 14:00,7.78,74,7,289,1007,34,0.131451769,600,2.319737096,111.4,0.430697854,0.61008,2.326576271,2.238357637
591,,10/25/2022 15:00,10/25/2022 15:00,6.39,82,8,289,1008,31,0.119853083,600,2.319737096,108.4,0.419099169,0.56772,2.165033898,2.178103151
592,,10/25/2022 16:00,10/25/2022 16:00,6.06,87,5,291,1008,14,0.054127199,600,2.319737096,91.4,0.353373284,0.32768,1.249627119,2.087975445
593,,10/25/2022 17:00,10/25/2022 17:00,6.22,87,6,286,1009,6,0.023197371,300,1.159868548,83.4,0.322443456,0.21472,0.818847458,1.945234295
594,,10/25/2022 18:00,10/25/2022 18:00,6.17,89,6,284,1010,3,0.011598685,300,1.159868548,80.4,0.310844771,0.17236,0.657305085,1.907923253
595,,10/25/2022 19:00,10/25/2022 19:00,6.22,91,6,264,1011,3,0.011598685,300,1.159868548,80.4,0.310844771,0.17236,0.657305085,1.907923253
596,,10/25/2022 20:00,10/25/2022 20:00,6.11,88,5,270,1012,2,0.007732457,300,1.159868548,79.4,0.306978542,0.15824,0.603457627,1.888942582
597,,10/25/2022 21:00,10/25/2022 21:00,5.83,85,4,276,1012,0,0,0,0,77.4,0.299246085,0.13,0.495762712,1.761686733
598,,10/25/2022 22:00,10/25/2022 22:00,5.22,88,5,259,1013,0,0,0,0,77.4,0.299246085,0.13,0.495762712,1.761686733
599,,10/25/2022 23:00,10/25/2022 23:00,5.5,84,4,282,1013,0,0,0,0,77.4,0.299246085,0.13,0.495762712,1.761686733
600,,10/26/2022 0:00,10/26/2022 0:00,5.72,82,4,287,1014,0,0,0,0,77.4,0.299246085,0.13,0.495762712,1.761686733
601,,10/26/2022 1:00,10/26/2022 1:00,5.44,83,3,270,1015,0,0,0,0,77.4,0.299246085,0.13,0.495762712,1.761686733
602,,10/26/2022 2:00,10/26/2022 2:00,5.06,85,2,264,1015,0,0,0,0,77.4,0.299246085,0.13,0.495762712,1.761686733
603,,10/26/2022 3:00,10/26/2022 3:00,4.44,87,1,256,1016,0,0,0,0,77.4,0.299246085,0.13,0.495762712,1.761686733
604,,10/26/2022 4:00,10/26/2022 4:00,4.56,85,2,273,1017,0,0,0,0,77.4,0.299246085,0.13,0.495762712,1.761686733
605,,10/26/2022 5:00,10/26/2022 5:00,4.06,87,1,253,1018,0,0,0,0,77.4,0.299246085,0.13,0.495762712,1.761686733
606,,10/26/2022 6:00,10/26/2022 6:00,4,87,2,252,1018,0,0,0,0,77.4,0.299246085,0.13,0.495762712,1.761686733
607,,10/26/2022 7:00,10/26/2022 7:00,5.22,82,1,261,1019,6,0.023197371,300,1.159868548,83.4,0.322443456,0.21472,0.818847458,1.945234295
608,,10/26/2022 8:00,10/26/2022 8:00,7.78,73,2,263,1020,21,0.081190798,600,2.319737096,98.4,0.380436884,0.42652,1.626559322,2.1228885
609,,10/26/2022 9:00,10/26/2022 9:00,9.39,63,2,308,1021,63,0.243572395,900,3.479605645,140.4,0.542818481,1.01956,3.888152542,2.759960301
610,,10/26/2022 10:00,10/26/2022 10:00,11.61,57,2,80,1021,63,0.243572395,900,3.479605645,140.4,0.542818481,1.01956,3.888152542,2.759960301
611,,10/26/2022 11:00,10/26/2022 11:00,13.5,50,2,325,1021,5,0.019331142,300,1.159868548,82.4,0.318577228,0.2006,0.765,1.935195267
612,,10/26/2022 12:00,10/26/2022 12:00,14.56,45,3,285,1020,50,0.193311425,900,3.479605645,127.4,0.49255751,0.836,3.188135593,2.424729945
613,,10/26/2022 13:00,10/26/2022 13:00,15.61,41,3,289,1020,33,0.12758554,600,2.319737096,110.4,0.426831626,0.59596,2.272728814,2.19208463
614,,10/26/2022 14:00,10/26/2022 14:00,16.28,36,3,1,1019,14,0.054127199,600,2.319737096,91.4,0.353373284,0.32768,1.249627119,2.087975445
615,,10/26/2022 15:00,10/26/2022 15:00,16.22,33,3,56,1019,15,0.057993427,600,2.319737096,92.4,0.357239513,0.3418,1.303474576,2.095392945
616,,10/26/2022 16:00,10/26/2022 16:00,15.22,37,2,59,1020,13,0.05026097,600,2.319737096,90.4,0.349507056,0.31356,1.195779661,2.079684103
617,,10/26/2022 17:00,10/26/2022 17:00,13.95,42,1,70,1020,11,0.042528513,600,2.319737096,88.4,0.341774599,0.28532,1.088084746,2.063101418
618,,10/26/2022 18:00,10/26/2022 18:00,12.11,48,1,68,1020,6,0.023197371,300,1.159868548,83.4,0.322443456,0.21472,0.818847458,1.945234295
619,,10/26/2022 19:00,10/26/2022 19:00,10.22,57,1,75,1021,6,0.023197371,300,1.159868548,83.4,0.322443456,0.21472,0.818847458,1.945234295
620,,10/26/2022 20:00,10/26/2022 20:00,9.67,58,1,63,1021,5,0.019331142,300,1.159868548,82.4,0.318577228,0.2006,0.765,1.935195267
621,,10/26/2022 21:00,10/26/2022 21:00,8.78,65,1,75,1021,0,0,0,0,77.4,0.299246085,0.13,0.495762712,1.761686733
622,,10/26/2022 22:00,10/26/2022 22:00,7.89,69,1,82,1022,0,0,0,0,77.4,0.299246085,0.13,0.495762712,1.761686733
623,,10/26/2022 23:00,10/26/2022 23:00,8.06,64,1,67,1022,0,0,0,0,77.4,0.299246085,0.13,0.495762712,1.761686733
624,,10/27/2022 0:00,10/27/2022 0:00,6.89,68,1,78,1021,0,0,0,0,77.4,0.299246085,0.13,0.495762712,1.761686733
625,,10/27/2022 1:00,10/27/2022 1:00,6.78,68,2,74,1022,0,0,0,0,77.4,0.299246085,0.13,0.495762712,1.761686733
626,,10/27/2022 2:00,10/27/2022 2:00,6.56,69,2,75,1022,0,0,0,0,77.4,0.299246085,0.13,0.495762712,1.761686733
627,,10/27/2022 3:00,10/27/2022 3:00,6.22,72,2,77,1022,0,0,0,0,77.4,0.299246085,0.13,0.495762712,1.761686733
628,,10/27/2022 4:00,10/27/2022 4:00,6.5,71,4,90,1022,0,0,0,0,77.4,0.299246085,0.13,0.495762712,1.761686733
629,,10/27/2022 5:00,10/27/2022 5:00,6.33,73,3,94,1022,0,0,0,0,77.4,0.299246085,0.13,0.495762712,1.761686733
630,,10/27/2022 6:00,10/27/2022 6:00,5.78,76,1,85,1023,0,0,0,0,77.4,0.299246085,0.13,0.495762712,1.761686733
631,,10/27/2022 7:00,10/27/2022 7:00,6.78,73,3,87,1023,0,0,0,0,77.4,0.299246085,0.13,0.495762712,1.761686733
632,,10/27/2022 8:00,10/27/2022 8:00,9.28,64,6,104,1024,6,0.023197371,300,1.159868548,83.4,0.322443456,0.21472,0.818847458,1.945234295
633,,10/27/2022 9:00,10/27/2022 9:00,10.61,58,8,110,1024,14,0.054127199,600,2.319737096,91.4,0.353373284,0.32768,1.249627119,2.087975445
634,,10/27/2022 10:00,10/27/2022 10:00,11.95,52,7,105,1024,44,0.170114054,900,3.479605645,121.4,0.469360139,0.75128,2.865050847,2.39331226
635,,10/27/2022 11:00,10/27/2022 11:00,13.89,42,6,101,1023,43,0.166247825,900,3.479605645,120.4,0.465493911,0.73716,2.81120339,2.388943048
636,,10/27/2022 12:00,10/27/2022 12:00,15.39,37,7,94,1022,44,0.170114054,900,3.479605645,121.4,0.469360139,0.75128,2.865050847,2.39331226
637,,10/27/2022 13:00,10/27/2022 13:00,16.06,33,6,99,1021,33,0.12758554,600,2.319737096,110.4,0.426831626,0.59596,2.272728814,2.19208463
638,,10/27/2022 14:00,10/27/2022 14:00,16.33,33,7,100,1021,34,0.131451769,600,2.319737096,111.4,0.430697854,0.61008,2.326576271,2.238357637
639,,10/27/2022 15:00,10/27/2022 15:00,15.78,36,6,85,1021,32,0.123719312,600,2.319737096,109.4,0.422965397,0.58184,2.218881356,2.18466713
640,,10/27/2022 16:00,10/27/2022 16:00,15.06,38,3,86,1021,14,0.054127199,600,2.319737096,91.4,0.353373284,0.32768,1.249627119,2.087975445
641,,10/27/2022 17:00,10/27/2022 17:00,13.72,46,3,70,1022,6,0.023197371,300,1.159868548,83.4,0.322443456,0.21472,0.818847458,1.945234295
642,,10/27/2022 18:00,10/27/2022 18:00,12.5,54,6,77,1022,4,0.015464914,300,1.159868548,81.4,0.314710999,0.18648,0.711152542,1.923205336
643,,10/27/2022 19:00,10/27/2022 19:00,11.83,57,7,79,1022,3,0.011598685,300,1.159868548,80.4,0.310844771,0.17236,0.657305085,1.907923253
644,,10/27/2022 20:00,10/27/2022 20:00,11.22,59,6,79,1023,2,0.007732457,300,1.159868548,79.4,0.306978542,0.15824,0.603457627,1.888942582
645,,10/27/2022 21:00,10/27/2022 21:00,10.78,60,4,80,1023,2,0.007732457,300,1.159868548,79.4,0.306978542,0.15824,0.603457627,1.888942582
646,,10/27/2022 22:00,10/27/2022 22:00,9.78,64,2,77,1024,0,0,0,0,77.4,0.299246085,0.13,0.495762712,1.761686733
647,,10/27/2022 23:00,10/27/2022 23:00,8.56,69,1,72,1025,0,0,0,0,77.4,0.299246085,0.13,0.495762712,1.761686733
648,,10/28/2022 0:00,10/28/2022 0:00,7.61,72,1,71,1025,0,0,0,0,77.4,0.299246085,0.13,0.495762712,1.761686733
649,,10/28/2022 1:00,10/28/2022 1:00,6.39,78,1,78,1025,0,0,0,0,77.4,0.299246085,0.13,0.495762712,1.761686733
650,,10/28/2022 2:00,10/28/2022 2:00,6.33,76,1,47,1025,0,0,0,0,77.4,0.299246085,0.13,0.495762712,1.761686733
651,,10/28/2022 3:00,10/28/2022 3:00,5.78,79,1,58,1025,0,0,0,0,77.4,0.299246085,0.13,0.495762712,1.761686733
652,,10/28/2022 4:00,10/28/2022 4:00,4.89,83,1,70,1025,0,0,0,0,77.4,0.299246085,0.13,0.495762712,1.761686733
653,,10/28/2022 5:00,10/28/2022 5:00,4.67,84,1,51,1026,0,0,0,0,77.4,0.299246085,0.13,0.495762712,1.761686733
654,,10/28/2022 6:00,10/28/2022 6:00,4.22,87,1,66,1026,0,0,0,0,77.4,0.299246085,0.13,0.495762712,1.761686733
655,,10/28/2022 7:00,10/28/2022 7:00,4.89,86,1,75,1027,0,0,0,0,77.4,0.299246085,0.13,0.495762712,1.761686733
656,,10/28/2022 8:00,10/28/2022 8:00,7.56,75,2,90,1027,4,0.015464914,300,1.159868548,81.4,0.314710999,0.18648,0.711152542,1.923205336
657,,10/28/2022 9:00,10/28/2022 9:00,10.56,63,2,91,1028,12,0.046394742,600,2.319737096,89.4,0.345640827,0.29944,1.141932203,2.070518918
658,,10/28/2022 10:00,10/28/2022 10:00,13,54,1,62,1028,11,0.042528513,600,2.319737096,88.4,0.341774599,0.28532,1.088084746,2.063101418
659,,10/28/2022 11:00,10/28/2022 11:00,15.06,46,3,47,1027,12,0.046394742,600,2.319737096,89.4,0.345640827,0.29944,1.141932203,2.070518918
660,,10/28/2022 12:00,10/28/2022 12:00,16.5,41,3,56,1027,3,0.011598685,300,1.159868548,80.4,0.310844771,0.17236,0.657305085,1.907923253
661,,10/28/2022 13:00,10/28/2022 13:00,17.06,38,5,68,1026,15,0.057993427,600,2.319737096,92.4,0.357239513,0.3418,1.303474576,2.095392945
662,,10/28/2022 14:00,10/28/2022 14:00,17.39,38,3,63,1026,12,0.046394742,600,2.319737096,89.4,0.345640827,0.29944,1.141932203,2.070518918
663,,10/28/2022 15:00,10/28/2022 15:00,17.33,37,4,73,1026,12,0.046394742,600,2.319737096,89.4,0.345640827,0.29944,1.141932203,2.070518918
664,,10/28/2022 16:00,10/28/2022 16:00,16.72,38,2,68,1026,11,0.042528513,600,2.319737096,88.4,0.341774599,0.28532,1.088084746,2.063101418
665,,10/28/2022 17:00,10/28/2022 17:00,15.06,41,1,62,1026,6,0.023197371,300,1.159868548,83.4,0.322443456,0.21472,0.818847458,1.945234295
666,,10/28/2022 18:00,10/28/2022 18:00,13.56,45,1,66,1026,6,0.023197371,300,1.159868548,83.4,0.322443456,0.21472,0.818847458,1.945234295
667,,10/28/2022 19:00,10/28/2022 19:00,11.83,52,1,77,1027,3,0.011598685,300,1.159868548,80.4,0.310844771,0.17236,0.657305085,1.907923253
668,,10/28/2022 20:00,10/28/2022 20:00,10.56,57,1,70,1027,3,0.011598685,300,1.159868548,80.4,0.310844771,0.17236,0.657305085,1.907923253
669,,10/28/2022 21:00,10/28/2022 21:00,9.78,61,1,71,1027,0,0,0,0,77.4,0.299246085,0.13,0.495762712,1.761686733
670,,10/28/2022 22:00,10/28/2022 22:00,9.28,63,1,66,1026,0,0,0,0,77.4,0.299246085,0.13,0.495762712,1.761686733
671,,10/28/2022 23:00,10/28/2022 23:00,8.56,66,1,70,1026,0,0,0,0,77.4,0.299246085,0.13,0.495762712,1.761686733
672,,10/29/2022 0:00,10/29/2022 0:00,8.11,68,1,74,1026,11,0.042528513,600,2.319737096,88.4,0.341774599,0.28532,1.088084746,2.063101418
673,,10/29/2022 1:00,10/29/2022 1:00,7.72,70,1,67,1026,5,0.019331142,300,1.159868548,82.4,0.318577228,0.2006,0.765,1.935195267
674,,10/29/2022 2:00,10/29/2022 2:00,7.17,74,1,67,1026,0,0,0,0,77.4,0.299246085,0.13,0.495762712,1.761686733
675,,10/29/2022 3:00,10/29/2022 3:00,6.67,76,1,55,1026,0,0,0,0,77.4,0.299246085,0.13,0.495762712,1.761686733
676,,10/29/2022 4:00,10/29/2022 4:00,6.33,78,1,65,1026,0,0,0,0,77.4,0.299246085,0.13,0.495762712,1.761686733
677,,10/29/2022 5:00,10/29/2022 5:00,5.83,81,1,70,1026,0,0,0,0,77.4,0.299246085,0.13,0.495762712,1.761686733
678,,10/29/2022 6:00,10/29/2022 6:00,6.06,82,1,72,1025,0,0,0,0,77.4,0.299246085,0.13,0.495762712,1.761686733
679,,10/29/2022 7:00,10/29/2022 7:00,7.78,75,1,69,1025,3,0.011598685,300,1.159868548,80.4,0.310844771,0.17236,0.657305085,1.907923253
680,,10/29/2022 8:00,10/29/2022 8:00,9.67,70,1,67,1025,3,0.011598685,300,1.159868548,80.4,0.310844771,0.17236,0.657305085,1.907923253
681,,10/29/2022 9:00,10/29/2022 9:00,12.56,61,3,97,1025,0,0,0,0,77.4,0.299246085,0.13,0.495762712,1.761686733
682,,10/29/2022 10:00,10/29/2022 10:00,15.67,53,3,99,1025,0,0,0,0,77.4,0.299246085,0.13,0.495762712,1.761686733
683,,10/29/2022 11:00,10/29/2022 11:00,17.39,50,4,95,1024,0,0,0,0,77.4,0.299246085,0.13,0.495762712,1.761686733
684,,10/29/2022 12:00,10/29/2022 12:00,18.89,48,2,74,1023,0,0,0,0,77.4,0.299246085,0.13,0.495762712,1.761686733
685,,10/29/2022 13:00,10/29/2022 13:00,19.56,47,3,79,1022,0,0,0,0,77.4,0.299246085,0.13,0.495762712,1.761686733
686,,10/29/2022 14:00,10/29/2022 14:00,19.78,47,4,69,1022,0,0,0,0,77.4,0.299246085,0.13,0.495762712,1.761686733
687,,10/29/2022 15:00,10/29/2022 15:00,19.33,48,3,78,1021,0,0,0,0,77.4,0.299246085,0.13,0.495762712,1.761686733
688,,10/29/2022 16:00,10/29/2022 16:00,18.28,51,2,62,1021,2,0.007732457,300,1.159868548,79.4,0.306978542,0.15824,0.603457627,1.888942582
689,,10/29/2022 17:00,10/29/2022 17:00,17.17,54,1,53,1020,4,0.015464914,300,1.159868548,81.4,0.314710999,0.18648,0.711152542,1.923205336
690,,10/29/2022 18:00,10/29/2022 18:00,15.72,58,1,59,1020,4,0.015464914,300,1.159868548,81.4,0.314710999,0.18648,0.711152542,1.923205336
691,,10/29/2022 19:00,10/29/2022 19:00,14.95,60,2,63,1020,11,0.042528513,600,2.319737096,88.4,0.341774599,0.28532,1.088084746,2.063101418
692,,10/29/2022 20:00,10/29/2022 20:00,14.5,61,1,70,1019,11,0.042528513,600,2.319737096,88.4,0.341774599,0.28532,1.088084746,2.063101418
693,,10/29/2022 21:00,10/29/2022 21:00,14.28,62,1,72,1019,12,0.046394742,600,2.319737096,89.4,0.345640827,0.29944,1.141932203,2.070518918
694,,10/29/2022 22:00,10/29/2022 22:00,14.39,62,1,74,1018,8,0.030929828,300,1.159868548,85.4,0.330175913,0.24296,0.926542373,1.963137904
695,,10/29/2022 23:00,10/29/2022 23:00,14.06,64,1,69,1018,5,0.019331142,300,1.159868548,82.4,0.318577228,0.2006,0.765,1.935195267
696,,10/30/2022 0:00,10/30/2022 0:00,13.95,66,1,29,1017,5,0.019331142,300,1.159868548,82.4,0.318577228,0.2006,0.765,1.935195267
697,,10/30/2022 1:00,10/30/2022 1:00,13.22,69,1,45,1017,0,0,0,0,77.4,0.299246085,0.13,0.495762712,1.761686733
698,,10/30/2022 2:00,10/30/2022 2:00,12.89,71,1,54,1016,0,0,0,0,77.4,0.299246085,0.13,0.495762712,1.761686733
699,,10/30/2022 3:00,10/30/2022 3:00,12.06,80,1,51,1016,0,0,0,0,77.4,0.299246085,0.13,0.495762712,1.761686733
700,,10/30/2022 4:00,10/30/2022 4:00,11.72,85,1,357,1015,0,0,0,0,77.4,0.299246085,0.13,0.495762712,1.761686733
701,,10/30/2022 5:00,10/30/2022 5:00,11.33,90,1,57,1015,0,0,0,0,77.4,0.299246085,0.13,0.495762712,1.761686733
702,,10/30/2022 6:00,10/30/2022 6:00,11.22,94,1,54,1015,0,0,0,0,77.4,0.299246085,0.13,0.495762712,1.761686733
703,,10/30/2022 7:00,10/30/2022 7:00,11.45,94,3,47,1014,0,0,0,0,77.4,0.299246085,0.13,0.495762712,1.761686733
704,,10/30/2022 8:00,10/30/2022 8:00,11.72,93,3,50,1014,0,0,0,0,77.4,0.299246085,0.13,0.495762712,1.761686733
705,,10/30/2022 9:00,10/30/2022 9:00,11.95,92,2,336,1014,3,0.011598685,300,1.159868548,80.4,0.310844771,0.17236,0.657305085,1.907923253
706,,10/30/2022 10:00,10/30/2022 10:00,12,93,4,323,1014,3,0.011598685,300,1.159868548,80.4,0.310844771,0.17236,0.657305085,1.907923253
707,,10/30/2022 11:00,10/30/2022 11:00,12.22,94,2,322,1013,0,0,0,0,77.4,0.299246085,0.13,0.495762712,1.761686733
708,,10/30/2022 12:00,10/30/2022 12:00,12.72,94,2,47,1012,0,0,0,0,77.4,0.299246085,0.13,0.495762712,1.761686733
709,,10/30/2022 13:00,10/30/2022 13:00,12.83,94,1,48,1012,0,0,0,0,77.4,0.299246085,0.13,0.495762712,1.761686733
710,,10/30/2022 14:00,10/30/2022 14:00,12.78,94,2,59,1011,0,0,0,0,77.4,0.299246085,0.13,0.495762712,1.761686733
711,,10/30/2022 15:00,10/30/2022 15:00,12.56,94,2,61,1012,0,0,0,0,77.4,0.299246085,0.13,0.495762712,1.761686733
712,,10/30/2022 16:00,10/30/2022 16:00,12.67,94,1,356,1012,2,0.007732457,300,1.159868548,79.4,0.306978542,0.15824,0.603457627,1.888942582
713,,10/30/2022 17:00,10/30/2022 17:00,12.5,94,2,331,1012,2,0.007732457,300,1.159868548,79.4,0.306978542,0.15824,0.603457627,1.888942582
714,,10/30/2022 18:00,10/30/2022 18:00,12.11,94,2,8,1012,6,0.023197371,300,1.159868548,83.4,0.322443456,0.21472,0.818847458,1.945234295
715,,10/30/2022 19:00,10/30/2022 19:00,11.95,93,1,13,1012,11,0.042528513,600,2.319737096,88.4,0.341774599,0.28532,1.088084746,2.063101418
716,,10/30/2022 20:00,10/30/2022 20:00,12.22,91,1,278,1012,12,0.046394742,600,2.319737096,89.4,0.345640827,0.29944,1.141932203,2.070518918
717,,10/30/2022 21:00,10/30/2022 21:00,12.17,92,1,268,1012,12,0.046394742,600,2.319737096,89.4,0.345640827,0.29944,1.141932203,2.070518918
718,,10/30/2022 22:00,10/30/2022 22:00,12.33,88,1,275,1012,13,0.05026097,600,2.319737096,90.4,0.349507056,0.31356,1.195779661,2.079684103
719,,10/30/2022 23:00,10/30/2022 23:00,12.17,87,2,282,1012,6,0.023197371,300,1.159868548,83.4,0.322443456,0.21472,0.818847458,1.945234295
720,,10/31/2022 0:00,10/31/2022 0:00,12.17,86,1,277,1011,0,0,0,0,77.4,0.299246085,0.13,0.495762712,1.761686733
721,,10/31/2022 1:00,10/31/2022 1:00,12.11,86,2,281,1012,0,0,0,0,77.4,0.299246085,0.13,0.495762712,1.761686733
722,,10/31/2022 2:00,10/31/2022 2:00,11.78,89,1,252,1012,0,0,0,0,77.4,0.299246085,0.13,0.495762712,1.761686733
723,,10/31/2022 3:00,10/31/2022 3:00,11.78,89,3,256,1012,0,0,0,0,77.4,0.299246085,0.13,0.495762712,1.761686733
724,,10/31/2022 4:00,10/31/2022 4:00,11.78,90,2,279,1012,0,0,0,0,77.4,0.299246085,0.13,0.495762712,1.761686733
725,,10/31/2022 5:00,10/31/2022 5:00,11.56,91,1,270,1013,0,0,0,0,77.4,0.299246085,0.13,0.495762712,1.761686733
726,,10/31/2022 6:00,10/31/2022 6:00,11.56,92,2,251,1013,0,0,0,0,77.4,0.299246085,0.13,0.495762712,1.761686733
727,,10/31/2022 7:00,10/31/2022 7:00,11.83,91,1,247,1013,4,0.015464914,300,1.159868548,81.4,0.314710999,0.18648,0.711152542,1.923205336
728,,10/31/2022 8:00,10/31/2022 8:00,12.56,90,4,263,1014,21,0.081190798,600,2.319737096,98.4,0.380436884,0.42652,1.626559322,2.1228885
729,,10/31/2022 9:00,10/31/2022 9:00,14.22,79,3,290,1014,62,0.239706167,900,3.479605645,139.4,0.538952252,1.00544,3.834305085,2.73356213
730,,10/31/2022 10:00,10/31/2022 10:00,16.17,65,3,278,1014,63,0.243572395,900,3.479605645,140.4,0.542818481,1.01956,3.888152542,2.759960301
731,,10/31/2022 11:00,10/31/2022 11:00,17.45,58,4,265,1014,61,0.235839938,900,3.479605645,138.4,0.535086024,0.99132,3.780457627,2.706920096
732,,10/31/2022 12:00,10/31/2022 12:00,17.78,56,4,252,1014,60,0.23197371,900,3.479605645,137.4,0.531219795,0.9772,3.726610169,2.679871623
733,,10/31/2022 13:00,10/31/2022 13:00,18.61,48,5,257,1014,31,0.119853083,600,2.319737096,108.4,0.419099169,0.56772,2.165033898,2.178103151
734,,10/31/2022 14:00,10/31/2022 14:00,19.45,41,5,260,1014,16,0.061859656,600,2.319737096,93.4,0.361105741,0.35592,1.357322034,2.099985699
735,,10/31/2022 15:00,10/31/2022 15:00,19.67,38,4,254,1014,14,0.054127199,600,2.319737096,91.4,0.353373284,0.32768,1.249627119,2.087975445
736,,10/31/2022 16:00,10/31/2022 16:00,19.11,38,3,257,1014,14,0.054127199,600,2.319737096,91.4,0.353373284,0.32768,1.249627119,2.087975445
737,,10/31/2022 17:00,10/31/2022 17:00,17.11,45,1,188,1015,13,0.05026097,600,2.319737096,90.4,0.349507056,0.31356,1.195779661,2.079684103
738,,10/31/2022 18:00,10/31/2022 18:00,15.72,50,1,192,1015,4,0.015464914,300,1.159868548,81.4,0.314710999,0.18648,0.711152542,1.923205336
739,,10/31/2022 19:00,10/31/2022 19:00,14.83,53,1,184,1016,4,0.015464914,300,1.159868548,81.4,0.314710999,0.18648,0.711152542,1.923205336
740,,10/31/2022 20:00,10/31/2022 20:00,12.39,66,1,76,1016,3,0.011598685,300,1.159868548,80.4,0.310844771,0.17236,0.657305085,1.907923253
741,,10/31/2022 21:00,10/31/2022 21:00,10.56,75,1,83,1017,0,0,0,0,77.4,0.299246085,0.13,0.495762712,1.761686733
742,,10/31/2022 22:00,10/31/2022 22:00,9.5,81,1,81,1017,0,0,0,0,77.4,0.299246085,0.13,0.495762712,1.761686733
743,,10/31/2022 23:00,10/31/2022 23:00,8.61,85,1,80,1017,0,0,0,0,77.4,0.299246085,0.13,0.495762712,1.761686733
,,,,,,,,,,,,,,,,,1442.652478
