Temp_avg,Temp_min,Dew_max,Dew_avg,Dew_min,Hum_max,Hum_avg,Hum_min,Wind_max,Wind_avg,Wind_min,Pres_max,Pres_avg,Pres_min,Precipitation,Date
28.6,17,34,25.6,12,93,88.6,81,21,13.7,8,29.1,28.9,28.8,0.2,1/1/2022
13.4,10,12,8.2,4,85,79.5,73,17,10.7,0,29.4,29.3,29.1,0.23,1/2/2022
22,10,24,15,5,81,74.9,64,10,7.2,0,29.4,29.4,29.3,0.01,1/3/2022
36.7,25,26,21.6,18,75,56.3,37,23,14.6,9,29.2,28.9,28.7,0,1/4/2022
23.3,18,26,8.5,3,70,53.5,44,24,16.7,10,29.2,29.1,28.8,0,1/5/2022
14.4,9,5,2,0,67,58.1,51,16,11.5,7,29.4,29.3,29.2,0,1/6/2022
16.6,8,8,2,-2,67,53.8,37,14,6.9,0,29.4,29.3,29.2,0,1/7/2022
37,21,44,30.1,6,100,77.7,48,16,10.2,0,29.2,29,28.9,0,1/8/2022
30.7,19,44,19.9,8,100,66.7,37,23,12.2,0,29.7,29.4,29.1,0.05,1/9/2022
27.4,18,17,13.5,9,71,57.5,36,13,8.2,6,29.6,29.6,29.6,0,1/10/2022
42.2,21,68,19.9,11,74,46.4,13,20,11.8,0,29.6,29.4,29.2,0,1/11/2022
45.7,34,28,25.3,22,64,45.9,33,13,9.3,6,29.2,29.1,29.1,0,1/12/2022
45.3,38,33,29.8,25,70,55.5,39,13,7.3,3,29.1,29.1,29,0,1/13/2022
40.8,34,38,34.5,31,97,79.5,54,17,7.8,0,29.1,29.1,29,0,1/14/2022
31.6,24,36,28.7,20,96,89,81,24,15.5,9,29.3,29.1,29,0.33,1/15/2022
23.5,16,26,19.6,13,92,85,78,14,8.3,0,29.2,29,28.9,0.33,1/16/2022
32.6,30,28,26.5,23,88,78.5,67,12,8.7,3,29.1,29,28.9,0,1/17/2022
42,30,34,31,27,89,66.5,47,14,9.9,6,29,28.9,28.8,0,1/18/2022
25.3,11,34,14.6,1,86,64.1,57,22,16,7,29.6,29.3,28.9,0,1/19/2022
9.5,5,1,-1.6,-4,70,61.3,47,17,10.5,3,29.7,29.6,29.6,0,1/20/2022
12.7,1,6,1.4,-4,80,62.4,40,9,4.4,0,29.6,29.5,29.4,0,1/21/2022
31,14,22,14.5,5,67,51.7,37,13,9.5,6,29.4,29.3,29.1,0,1/22/2022
34.2,27,27,19.6,17,69,55.9,45,21,11.3,0,29.1,29.1,28.9,0,1/23/2022
38.6,20,33,26,12,75,61.4,50,18,12.4,8,29.2,28.9,28.8,0,1/24/2022
16.4,11,11,2.9,-1,77,56.8,35,15,10.2,5,29.6,29.4,29.2,0,1/25/2022
18.8,5,6,-0.4,-5,76,46.8,24,10,5.7,0,29.6,29.4,29.3,0,1/26/2022
34.2,29,28,22.2,7,82,63,35,18,11.2,3,29.4,29.3,29.2,0,1/27/2022
23.8,15,23,10,2,78,57.4,34,20,10.5,0,29.4,29.4,29.3,0.01,1/28/2022
32.3,13,20,13.3,3,67,47.9,28,14,8.3,5,29.4,29.1,28.9,0,1/29/2022
33.5,27,22,20,18,72,58.7,43,13,8.8,6,29.1,29.1,28.9,0,1/30/2022
41.8,26,29,21.8,18,72,48.8,26,17,11.1,7,29.1,29,28.9,0,1/31/2022
43.8,29,51,37,26,96,78.5,52,21,12.1,5,29.1,29,28.9,0,2/1/2022
19.2,15,24,13.8,5,89,79.8,64,29,20,14,29.4,29.2,29.1,1.04,2/2/2022
13.5,12,10,6.7,4,80,74.7,67,22,16.9,10,29.4,29.4,29.4,0.09,2/3/2022
18.2,6,10,5.5,0,76,59,40,16,9.3,5,29.5,29.5,29.4,0.02,2/4/2022
25,7,19,9.9,-1,70,53.7,43,16,10.5,3,29.6,29.4,29.2,0,2/5/2022
33.5,25,26,21.1,16,79,61,45,13,9.5,7,29.3,29.2,29.2,0,2/6/2022
32.6,22,26,23.2,21,96,70.2,53,13,7.4,3,29.4,29.3,29.1,0,2/7/2022
43,33,30,27,24,70,54.6,40,17,10.3,7,29.1,29,28.9,0,2/8/2022
43.5,37,27,25.3,23,60,49.3,37,21,10.3,6,29,29,28.9,0,2/9/2022
39.4,31,30,24.6,21,69,56.2,36,16,9.5,5,29.1,29,28.8,0,2/10/2022
43.4,26,42,31.9,14,85,64.7,50,23,13.7,7,29.3,28.9,28.7,0,2/11/2022
20.4,15,14,7.9,4,74,59.2,43,21,11.4,3,29.5,29.4,29.3,0.11,2/12/2022
25.2,18,15,10.4,8,68,54.8,40,20,9.2,0,29.4,29.3,29.3,0,2/13/2022
34.5,22,23,18,11,68,53,32,9,6.4,0,29.3,29.3,29.2,0,2/14/2022
48.3,30,32,26.4,21,73,47,24,23,14.6,8,29.3,29.1,29,0,2/15/2022
59,54,54,46.1,33,87,63.8,43,22,15.8,7,28.9,28.9,28.8,0,2/16/2022
26.1,12,46,21.4,3,96,82.6,65,30,18.6,6,29.3,29,28.9,0.03,2/17/2022
25.5,8,21,10.4,0,73,54.6,38,20,11.7,5,29.4,29.3,29.2,0.6,2/18/2022
30.2,22,23,10.9,4,66,45.4,29,17,9.5,3,29.6,29.4,29.2,0,2/19/2022
48.9,36,34,29,22,63,47.8,33,26,15.4,6,29.2,29,28.9,0,2/20/2022
57.1,42,57,44.2,30,87,63.2,42,18,13.6,9,29,28.8,28.7,0,2/21/2022
38.7,18,57,33.6,9,93,82.1,65,24,15.8,9,29.4,29,28.7,0.03,2/22/2022
16.7,13,15,8,5,85,69,62,20,11.6,5,29.6,29.5,29.4,0,2/23/2022
23.2,19,24,19.5,15,92,85.6,78,16,8.7,0,29.4,29.3,29.2,0,2/24/2022
20,15,16,13.7,9,81,76.9,69,18,9.2,0,29.6,29.5,29.3,0.05,2/25/2022
27.5,16,21,17,11,84,66.3,43,6,3,0,29.6,29.5,29.4,0,2/26/2022
38.1,25,22,18.6,16,78,48.9,26,14,6.5,3,29.4,29.3,29.3,0,2/27/2022
47.6,29,27,22.6,18,64,40.5,20,14,8.5,5,29.3,29.2,29.1,0,2/28/2022
55.6,37,33,28.9,25,62,39.3,20,17,9,0,29.1,29.1,29,0,3/1/2022
62.2,42,37,30.8,27,60,34.7,14,18,8.8,3,29.1,29.1,29,0,3/2/2022
47.4,37,42,35,27,86,63.8,42,18,14.2,8,29.3,29.3,29.1,0,3/3/2022
52.2,34,39,31.9,25,73,49.5,28,14,10.8,8,29.3,29.1,29,0,3/4/2022
63,47,60,49.4,37,90,62,46,23,16.6,10,29,28.9,28.8,0,3/5/2022
40.9,33,40,33.4,27,97,76.9,43,21,12.2,3,29.2,29,28.9,0.11,3/6/2022
32.5,29,34,27.3,20,96,81.9,67,22,13.4,0,29.3,29.2,28.9,1.08,3/7/2022
33.3,24,26,23.2,20,88,67.4,49,7,2.9,0,29.3,29.2,29.1,0,3/8/2022
38,30,31,27.7,24,82,67.7,48,12,7,3,29.2,29.1,29.1,0,3/9/2022
27.2,23,26,21.4,18,88,78.9,69,17,12.1,6,29.3,29.2,29.2,0,3/10/2022
23.4,18,18,14.1,0,93,70.3,40,23,11.1,6,29.3,29.2,29.2,0.3,3/11/2022
21.3,9,15,3.7,-2,64,47.5,34,14,9,3,29.4,29.3,29.1,0,3/12/2022
35,34,19,18,17,50,50,50,16,15,14,29.1,29.1,29.1,0,3/13/2022
54.1,42,46,34.2,24,77,48,36,17,12.1,6,29.2,29.1,29.1,0,3/14/2022
56.4,44,48,45.7,43,97,70.7,42,9,3.7,0,29.2,29.2,29.1,0,3/15/2022
60.3,46,48,43.7,38,93,58.9,34,17,8.7,0,29.1,29,28.9,0,3/16/2022
63.5,50,49,43.6,38,86,51.8,30,13,8.7,6,28.9,28.9,28.8,0,3/17/2022
51,39,57,48.4,37,100,91,67,18,10.5,3,28.9,28.7,28.6,0.04,3/18/2022
45.6,39,37,34.3,27,93,68.4,32,18,12.8,5,29.1,29,28.9,0.28,3/19/2022
57.2,39,35,30,27,67,39.7,18,15,9.5,6,29.2,29.1,29.1,0,3/20/2022
61.2,51,50,36.6,27,96,44.7,18,21,12.3,5,29.1,29,28.9,0,3/21/2022
54.8,50,55,51.3,48,100,88.3,67,23,12.2,3,28.9,28.7,28.6,0.61,3/22/2022
45.3,40,52,43.3,36,100,92.4,86,17,10.4,0,28.8,28.6,28.5,0.34,3/23/2022
39.4,37,38,36.1,35,93,88.2,79,14,8.8,5,29,28.9,28.8,0.18,3/24/2022
46.1,39,39,31.6,22,89,61.7,28,26,13.2,6,29.1,29,29,0.15,3/25/2022
44.1,37,24,20.5,18,53,40.1,27,20,13.7,6,29.2,29.1,29.1,0,3/26/2022
38.8,31,25,20.2,16,67,48.3,30,12,7.5,0,29.3,29.3,29.2,0,3/27/2022
43.9,34,25,20.1,16,59,40.7,24,18,12.3,6,29.3,29.2,29.1,0,3/28/2022
57.9,43,56,38.5,23,63,48.7,39,23,16.6,12,29.1,28.8,28.6,0,3/29/2022
52.3,37,58,49.6,35,97,91,61,22,12.3,5,28.6,28.5,28.4,0.4,3/30/2022
37.2,34,35,30.1,24,89,76,67,17,12.7,7,29,28.8,28.6,0.67,3/31/2022
41.5,29,29,26,23,82,56.7,33,10,4.6,0,29.2,29.1,29,0,4/1/2022
51,40,43,34.5,29,68,54.5,39,25,12.3,0,29.1,29.1,29,0,4/2/2022
55.5,38,48,33.7,30,80,47.3,25,14,8.3,3,29.1,29,28.9,0,4/3/2022
53.2,47,50,43.5,29,100,74.6,29,12,6.3,0,29,28.9,28.8,0.07,4/4/2022
59.2,50,56,48.7,37,97,70.5,48,25,11.6,3,28.8,28.6,28.5,0,4/5/2022
49.6,44,44,38.6,28,97,71.3,29,26,15.5,8,28.9,28.8,28.7,0.93,4/6/2022
42.7,37,34,30.1,25,89,62.9,42,24,16.1,9,28.9,28.9,28.8,0,4/7/2022
36.5,34,34,29.8,28,96,77.7,60,21,14.3,3,29,28.9,28.8,0.04,4/8/2022
46,32,28,24.1,19,76,46.4,21,13,7.3,3,29,29,28.9,0,4/9/2022
66,48,55,38.2,21,57,37,24,29,17.2,10,28.9,28.7,28.5,0,4/10/2022
56.5,50,48,43.5,37,89,63.3,42,14,6,0,29,28.9,28.8,0.07,4/11/2022
62.4,49,64,55.6,46,100,81.5,51,29,16.5,8,28.9,28.8,28.6,0,4/12/2022
54,34,62,50.7,31,100,89,68,24,12.8,3,29,28.7,28.6,0.11,4/13/2022
47.6,33,30,26.3,22,85,48.6,23,22,13.1,6,29.1,29.1,29,0.55,4/14/2022
53.9,44,45,36.2,29,66,51.7,39,18,11.8,7,29.1,29,28.9,0,4/15/2022
47.5,38,30,26.7,24,62,45.5,32,20,11,7,29.3,29.2,29.1,0,4/16/2022
42.2,38,39,31.2,24,97,68.4,44,15,10.4,6,29.2,29.2,29.1,0,4/17/2022
43.1,36,36,30.1,21,97,65.8,30,24,14,6,29.4,29.3,29.2,0.48,4/18/2022
45.4,32,38,24.2,14,71,46.6,22,13,6,0,29.4,29.3,29.1,0,4/19/2022
50.3,44,53,47.7,41,97,90.9,83,20,14.5,7,29.1,28.9,28.8,0.9,4/20/2022
62.3,54,55,51.3,43,100,71.8,32,15,7.1,0,29.3,29.2,29,0.41,4/21/2022
74.2,65,64,59.8,55,90,63.2,41,24,15.7,7,29.3,29.1,29,0.02,4/22/2022
75.8,69,58,54.3,50,65,48.6,30,29,20,12,29,28.9,28.8,0,4/23/2022
61.2,54,57,52,46,96,73.3,52,22,9.2,3,29.1,29,28.8,0.01,4/24/2022
52.5,45,51,34.8,32,78,51.7,41,18,12.4,3,29.4,29.2,29.1,0.07,4/25/2022
51.1,39,34,30.1,27,76,48,28,8,3.5,0,29.5,29.4,29.3,0,4/26/2022
61.6,46,37,33.8,30,58,37.6,23,17,11.1,7,29.3,29.2,29.1,0,4/27/2022
58.8,54,56,47,35,100,68.7,37,15,10.2,7,29.1,29.1,29,0,4/28/2022
59.4,55,58,54.9,51,100,85.9,61,18,11.9,5,29,28.9,28.7,0.57,4/29/2022
63.7,58,60,52.6,42,93,69.5,46,28,16.8,5,28.9,28.8,28.6,1.41,4/30/2022
59.4,50,44,41,38,66,51.8,36,21,13.2,0,29.1,29,28.9,0.01,5/1/2022
54.9,48,57,49.3,42,100,82.3,62,17,11.1,5,29.1,29,28.8,0,5/2/2022
54.5,51,59,51.6,46,100,90.4,77,21,11.1,5,29.1,28.9,28.7,0.85,5/3/2022
52.5,50,53,49,46,97,88,77,13,7.8,0,29.2,29.2,29.1,0,5/4/2022
55.7,53,55,52.8,51,97,90,78,15,8.9,0,29.1,29,28.8,1.53,5/5/2022
57.5,53,53,51.3,48,97,80.5,59,18,11.7,6,28.9,28.8,28.8,0.1,5/6/2022
60.8,47,48,44.7,40,93,59.5,32,14,8.2,3,29,28.9,28.9,0,5/7/2022
67.9,57,56,50.9,45,74,55.6,42,26,15.7,10,28.9,28.8,28.7,0,5/8/2022
79,67,69,63.7,54,73,60.1,48,22,15.6,9,28.9,28.8,28.7,0,5/9/2022
82.5,72,74,70.8,68,87,68.8,53,17,10,5,29.1,29,28.9,0,5/10/2022
81.2,72,73,69.8,67,97,70.7,45,16,7.6,5,29.2,29.1,29.1,0,5/11/2022
81.4,69,68,63.7,58,90,58.1,33,13,8.3,5,29.1,29,28.9,0,5/12/2022
78.8,68,65,62.2,58,87,58.5,42,13,8.3,0,29.1,29,28.9,0,5/13/2022
76.5,65,66,63,59,97,66.5,36,8,4.3,0,29,29,28.9,0,5/14/2022
69.8,56,64,56.9,46,90,64.4,48,24,9,0,29.1,29,28.9,0,5/15/2022
68.1,53,52,48.3,43,89,54.1,28,14,7.3,0,29.1,29.1,29,0.03,5/16/2022
70.5,55,61,55.3,47,89,59.9,43,16,8,0,29.1,29,28.9,0,5/17/2022
69.7,63,67,63,56,100,81,56,20,10.1,0,28.9,28.9,28.8,0.41,5/18/2022
68.2,59,69,64.3,59,100,88.4,58,16,7.4,0,28.9,28.7,28.5,0,5/19/2022
76,64,68,65.1,51,93,70.2,53,18,12.9,7,28.9,28.6,28.5,0,5/20/2022
56.1,52,54,51.6,45,96,85.3,63,26,11.1,3,29.3,29,28.9,0.42,5/21/2022
55.6,47,43,41,37,83,59.9,40,16,9.2,5,29.4,29.4,29.3,0.54,5/22/2022
58.2,46,46,44,41,89,61.5,43,15,8.6,3,29.4,29.3,29.2,0,5/23/2022
62.2,58,62,55.4,46,97,79.6,60,16,9.8,5,29.2,29,28.9,0,5/24/2022
67.9,63,68,64.9,59,100,90.6,74,17,9.6,0,28.9,28.8,28.7,0.98,5/25/2022
60,58,59,57.2,54,100,90.7,72,18,6.6,0,28.9,28.8,28.8,0.14,5/26/2022
60.7,54,55,52.6,51,93,76.4,48,15,10.3,0,29,29,28.9,0.11,5/27/2022
68.3,54,63,57.4,51,97,70.1,47,17,10.8,3,29,28.9,28.8,0,5/28/2022
77.4,66,64,60.8,58,84,58.8,36,28,18.4,13,28.8,28.8,28.7,0,5/29/2022
78.3,68,64,61.2,58,76,56.3,43,26,15.3,7,28.9,28.8,28.8,0,5/30/2022
77.3,72,71,67.1,63,84,70.9,62,15,9.5,3,29,28.9,28.9,0,5/31/2022
67.8,63,71,64.7,60,97,89.9,78,17,8,0,29.1,29.1,29,0.94,6/1/2022
66.1,57,60,52.2,46,93,64.2,38,13,7.3,0,29.1,29.1,29.1,0.38,6/2/2022
69.3,54,54,49.8,46,80,53,30,9,5,0,29.1,29.1,29,0,6/3/2022
71.1,59,61,54.2,49,83,57.9,34,13,6.3,0,29.1,29,28.9,0,6/4/2022
73.2,64,63,58.8,57,81,61.9,44,13,7.6,3,28.9,28.9,28.8,0,6/5/2022
72.4,64,67,63.8,58,87,75,58,10,5.9,0,28.8,28.8,28.7,0,6/6/2022
75.4,68,67,65.8,64,96,73.3,54,13,6.2,0,29,28.9,28.8,0,6/7/2022
69.9,65,69,63.9,57,97,82.2,60,31,11,5,29,28.9,28.9,0.61,6/8/2022
71.5,59,62,57,53,90,63,39,9,4.8,0,29.1,29.1,29,0,6/9/2022
72.8,64,68,64,61,93,74.9,54,9,5.7,0,29,28.9,28.9,0.14,6/10/2022
73.8,66,71,67.6,65,100,83,49,9,3.8,0,28.9,28.9,28.8,0,6/11/2022
83.6,77,78,74.8,70,88,75,63,16,8.1,5,28.9,28.8,28.8,0,6/12/2022
85.2,79,78,75.5,73,94,74.2,49,18,10.9,6,28.9,28.9,28.8,0,6/13/2022
85.3,77,74,69.5,65,88,61,39,21,13,7,29,28.9,28.9,0.01,6/14/2022
68.8,0,72,58.4,0,82,55.5,0,20,9.8,0,29,29,28.9,0,6/15/2022
85.3,77,77,74,71,84,69.8,52,15,8.9,5,29.1,29.1,29,0,6/16/2022
83,73,74,68,61,84,62.8,36,37,10.3,3,29.2,29.1,29,0,6/17/2022
79.6,70,70,64.7,58,87,62,43,13,8,5,29.2,29.2,29.1,0,6/18/2022
75.1,62,58,55.5,53,75,52.4,33,13,8.6,5,29.3,29.2,29.1,0,6/19/2022
77.5,60,64,58.6,55,83,55,32,13,8.2,5,29.2,29.2,29.1,0,6/20/2022
83.5,69,75,68.8,62,81,62.2,47,14,8.1,0,29.2,29.2,29.1,0,6/21/2022
80,70,74,65.1,56,93,63.8,30,22,8.1,3,29.2,29.2,29.1,0,6/22/2022
78.4,66,66,61.2,55,84,57.8,35,10,4.7,0,29.1,29.1,29,0,6/23/2022
67.7,0,72,59,0,84,62.8,0,12,6.8,0,29.1,29,29,0,6/24/2022
63,0,76,50.4,0,77,40.3,0,21,8.6,0,29.1,29,28.9,0,6/25/2022
74.7,65,72,58.5,50,93,59.9,35,18,12.1,6,29.3,29.2,29.1,0,6/26/2022
72.2,60,57,49.9,44,84,49.2,26,13,5.9,0,29.4,29.3,29.3,0.53,6/27/2022
73.5,61,56,52.5,50,83,49.6,32,9,5,0,29.3,29.3,29.2,0,6/28/2022
77.8,61,61,57.7,55,83,52.8,33,10,6,0,29.3,29.2,29.2,0,6/29/2022
78.8,65,60,54.9,51,70,46.5,25,17,9.5,5,29.2,29.1,29,0,6/30/2022
81.5,68,71,65.2,57,82,59.5,40,14,7.8,3,29.1,29,29,0,7/1/2022
72.8,69,72,68.9,63,96,87.5,71,10,7.5,0,29.1,29.1,29,0,7/2/2022
78.3,70,74,71.3,67,97,79.5,61,13,7.8,6,29.1,29.1,29.1,0.61,7/3/2022
85.6,76,76,73.2,71,91,68.3,46,14,9.3,5,29.1,29,29,0,7/4/2022
88.5,78,73,69.1,65,82,55,34,16,9.6,3,29,29,28.9,0,7/5/2022
84,75,77,72.6,67,94,70,44,18,7.8,0,29,29,28.9,0.04,7/6/2022
81.1,76,76,74,70,90,79.3,65,22,9.8,5,29.1,29,29,0.01,7/7/2022
80.5,74,77,73.3,70,97,80,55,18,10.7,5,29.1,29,28.9,0.23,7/8/2022
76.1,72,71,68.1,64,93,77.4,49,14,9.7,5,29.2,29.1,29.1,0,7/9/2022
78.4,68,68,65.8,64,93,67.3,43,7,5,0,29.2,29.1,29,0,7/10/2022
84.3,70,73,67.6,62,87,59.8,39,14,8.7,6,29,28.9,28.9,0,7/11/2022
80.5,71,64,59.5,55,75,50.9,30,14,7.1,0,29.1,29,29,0,7/12/2022
80,65,64,59.9,55,87,54,29,8,2.3,0,29.1,29.1,29.1,0,7/13/2022
83.3,69,66,61,58,75,49.8,29,9,6,3,29.2,29.1,29.1,0,7/14/2022
84.3,73,71,63.8,56,63,50.8,35,16,10,6,29.1,29.1,29,0,7/15/2022
85.4,78,79,68.4,58,94,59.3,39,20,9.4,3,29,29,28.9,0,7/16/2022
76.2,71,76,72.7,67,100,89.7,63,9,6.8,0,29,29,28.9,0.09,7/17/2022
79.4,68,69,64.2,59,93,63.4,34,9,5,0,29,29,29,0.16,7/18/2022
83.6,69,69,65.3,61,90,57.6,31,14,7.4,3,29,28.9,28.8,0,7/19/2022
85.3,74,71,64.5,59,87,53.3,28,16,9.2,0,28.9,28.9,28.8,0,7/20/2022
83.9,69,66,62.6,56,90,54.3,24,9,5.2,0,29,29,28.9,0,7/21/2022
87.6,74,67,63.8,57,79,48.6,25,12,6.9,0,29.1,29,29,0,7/22/2022
90.4,76,68,61.5,54,74,41.8,19,22,11,5,29.1,29,28.9,0,7/23/2022
87,75,73,67,59,82,53,36,21,12,5,29.1,29,29,0,7/24/2022
72.8,65,70,66.1,61,96,79.8,58,14,6.6,0,29.2,29.1,29,0.04,7/25/2022
70.4,64,73,66.6,60,94,87.8,69,17,9.2,0,29.1,29,29,0.2,7/26/2022
76.9,71,72,70.4,67,91,81.3,59,17,8.2,0,29.1,29,29,0.92,7/27/2022
76.2,70,74,70.3,67,93,82.6,65,13,4.6,0,29.1,29,29,0.17,7/28/2022
73.7,65,66,58.5,53,87,61.6,38,13,5.9,0,29.2,29.2,29.1,0.15,7/29/2022
74.3,67,65,62.5,61,81,67.5,52,10,6.6,3,29.2,29.2,29.1,0,7/30/2022
77.5,69,72,68.3,64,87,73.8,59,8,5.3,0,29.2,29.1,29,0,7/31/2022
85.2,74,75,72.4,70,87,67.3,49,13,7.5,0,29.1,29,29,0,8/1/2022
84.1,75,74,70.4,67,81,64.5,41,16,9.4,6,29,29,28.9,0,8/2/2022
85.4,77,75,72.3,70,88,66.3,42,14,8.6,0,29,28.9,28.9,0,8/3/2022
80.3,75,74,72.3,71,91,77.9,53,9,5.7,0,29.1,29,29,0.08,8/4/2022
82.5,74,75,71.9,65,94,73.7,36,8,4,0,29.1,29.1,29,0,8/5/2022
86.6,78,74,72.5,70,84,64.8,42,15,9,6,29.1,29.1,29.1,0,8/6/2022
86.3,77,72,71.3,70,82,62.5,44,15,9,5,29.1,29.1,29.1,0,8/7/2022
83.1,77,76,71.8,69,79,69.3,55,14,8.4,5,29.1,29.1,29,0,8/8/2022
75.3,70,70,66.7,61,91,76.3,46,23,6.3,0,29.2,29.1,29.1,0.65,8/9/2022
74.5,66,68,63.3,60,94,70.9,41,10,5.1,0,29.3,29.2,29.2,0,8/10/2022
76.9,64,66,62,59,87,62.9,36,7,3.7,0,29.2,29.2,29.1,0,8/11/2022
76.9,70,68,65.3,61,87,68.3,51,9,5.9,0,29.3,29.2,29.1,0,8/12/2022
79.2,66,70,65.3,60,81,63.9,44,16,9.8,5,29.2,29.1,29,0,8/13/2022
78.6,72,69,66.7,64,79,67.8,45,13,7.8,0,29.1,29,29,0,8/14/2022
74,67,65,64,62,90,71.8,54,13,7.7,0,29.1,29.1,29.1,0,8/15/2022
68.1,66,67,64.8,63,93,88.9,78,13,6.3,0,29.1,29.1,29.1,1.04,8/16/2022
72.9,65,65,62,60,93,71.2,46,12,6.3,0,29.2,29.1,29.1,0.68,8/17/2022
73.7,63,63,58.4,55,81,60.7,37,7,2.9,0,29.1,29.1,29,0,8/18/2022
75,63,68,64.2,59,90,70.6,49,14,7.5,3,29,29,28.9,0,8/19/2022
76.3,69,68,65.2,62,87,70.4,46,17,8.2,0,29.1,29,29,0.02,8/20/2022
74.4,64,66,64,62,93,71.8,49,13,6.7,0,29.1,29.1,29,0.01,8/21/2022
74.7,64,66,62.1,58,90,67.7,41,9,4.5,0,29.1,29.1,29.1,0,8/22/2022
75.3,66,66,63,61,87,67.1,44,6,3.5,0,29.1,29.1,29,0,8/23/2022
76.7,67,67,63.1,60,84,64.5,39,7,4.2,0,29.1,29.1,29.1,0,8/24/2022
79,66,66,64.6,62,87,63.5,42,13,6.6,3,29.1,29.1,29.1,0,8/25/2022
79,68,68,66.3,65,90,66.6,46,8,4.8,0,29.1,29.1,29.1,0,8/26/2022
78.8,69,71,67.5,64,90,70.6,42,22,8.3,3,29.1,29,28.9,0,8/27/2022
77.2,72,73,70.8,69,91,81.1,67,14,8.6,5,28.9,28.9,28.8,0.17,8/28/2022
80.3,71,75,70.6,67,91,73.5,51,16,9.4,3,29.1,29,28.9,0.04,8/29/2022
77.3,67,69,59.7,46,93,60.8,22,15,6.6,0,29.2,29.1,29.1,0,8/30/2022
75.3,60,60,56.6,53,78,54.9,32,7,3.7,0,29.2,29.1,29.1,0,8/31/2022
76.4,63,64,61.2,59,87,61.7,37,9,7,3,29.1,29.1,29,0,9/1/2022
72.3,67,70,66.6,64,90,82.4,73,9,5,0,29.1,29.1,29,0,9/2/2022
74.7,63,67,64.2,60,90,71.8,44,8,4.2,0,29.2,29.1,29.1,0.25,9/3/2022
72.9,67,70,67.1,64,93,83,58,16,7.2,0,29.1,29.1,29.1,0,9/4/2022
71.8,68,69,67.2,65,93,85.5,74,12,7.4,3,29.1,29.1,29.1,0.38,9/5/2022
72.4,66,67,65,63,93,78.9,52,9,4.6,0,29.2,29.1,29.1,0,9/6/2022
73.4,64,67,62.3,59,90,70.3,44,13,6.4,0,29.2,29.2,29.1,0,9/7/2022
73.4,60,62,59.7,57,90,64.7,40,8,3.6,0,29.1,29,28.9,0,9/8/2022
73,61,62,59.3,57,90,65.1,38,9,6,3,29,28.9,28.9,0,9/9/2022
74,61,64,59.1,54,90,64.3,30,15,5.3,0,29.1,29.1,29,0,9/10/2022
64.9,58,62,55.1,46,93,73.8,38,17,11.3,6,29.2,29.1,29.1,0.93,9/11/2022
67.6,55,52,48.4,45,74,52.6,31,18,8.8,0,29.1,29,29,0,9/12/2022
70,55,59,53.4,47,83,57.8,37,7,2.3,0,29.1,29,29,0,9/13/2022
73.5,59,61,57.5,53,81,59.9,35,8,5.8,0,29.2,29.1,29.1,0,9/14/2022
72.9,62,62,60,58,86,65.9,46,10,7.1,3,29.2,29.2,29.1,0,9/15/2022
72.9,62,63,60.6,59,90,67.5,44,12,7.5,6,29.2,29.1,29.1,0,9/16/2022
78,68,65,61.6,59,73,58.2,40,16,10,3,29.1,29.1,29,0,9/17/2022
74.9,69,72,67.5,62,90,78.2,59,14,10,6,29.1,29,28.9,0.02,9/18/2022
84,75,70,67.9,66,82,60.4,35,17,9.2,5,29.1,29,29,0.03,9/19/2022
83.7,71,67,63.5,57,78,53.4,25,17,9.4,3,29.1,29,29,0,9/20/2022
79.6,66,73,62.4,49,75,57.2,36,20,11.7,3,29.2,29,29,0,9/21/2022
63.2,58,50,46.6,44,65,55.4,39,14,9.5,0,29.3,29.2,29.2,0.02,9/22/2022
57.2,55,54,49.7,44,90,77,58,15,9.1,0,29.2,29.1,29,0,9/23/2022
69.7,53,60,54.4,51,96,63.5,28,10,5.5,0,29.1,29,28.9,0.19,9/24/2022
69,58,54,46.4,39,75,46.9,24,18,10.7,5,29.1,29,28.9,0,9/25/2022
61.5,50,43,38.5,33,74,45.6,23,18,9.3,3,29.2,29.1,29.1,0,9/26/2022
63.1,50,44,40.3,37,69,46.3,23,12,5.8,0,29.3,29.2,29.1,0,9/27/2022
56.8,45,42,37.9,33,74,52.7,26,12,8.3,5,29.5,29.4,29.4,0,9/28/2022
56.6,44,45,41,39,83,59.1,31,12,7,5,29.5,29.4,29.3,0,9/29/2022
60,46,46,42.8,40,79,56.3,31,10,6.7,0,29.3,29.2,29.1,0,9/30/2022
61.4,48,46,42.7,40,77,54,26,12,7.4,5,29.3,29.2,29.1,0,10/1/2022
63.5,50,47,43.9,41,80,52.5,26,13,5.8,0,29.4,29.3,29.3,0,10/2/2022
63.9,52,50,45.6,40,83,54.5,28,10,6.6,0,29.4,29.3,29.3,0,10/3/2022
62.7,50,44,39.1,36,68,44.8,23,8,6.4,3,29.3,29.2,29.2,0,10/4/2022
63.8,50,51,44.3,37,63,50.5,33,12,6.2,0,29.2,29.1,29.1,0,10/5/2022
67,54,56,52,50,86,61.5,35,20,9.8,5,29.3,29.2,29.1,0,10/6/2022
53.4,43,48,40,34,80,62,37,15,9.2,6,29.5,29.4,29.3,0,10/7/2022
50.4,36,36,30.8,28,89,51.8,26,10,3.5,0,29.5,29.4,29.3,0,10/8/2022
57.6,40,41,36.3,31,89,49.9,23,15,7.9,5,29.3,29.3,29.2,0,10/9/2022
65.6,50,55,49.5,42,80,58.5,35,13,6.6,0,29.2,29.2,29.1,0,10/10/2022
64.7,63,63,60.3,55,94,85.6,75,17,10.5,5,29.1,29.1,28.9,0.13,10/11/2022
63,52,59,50,37,93,65.6,31,24,11.5,6,29,28.9,28.8,0.67,10/12/2022
54,44,40,30.4,24,69,43.3,23,25,13.3,6,29,28.9,28.9,0.1,10/13/2022
55.8,36,42,32.6,24,77,45.1,23,24,12.2,6,28.9,28.8,28.7,0,10/14/2022
53.5,40,38,33.3,29,83,50.6,24,9,4,0,29.1,29.1,29,0,10/15/2022
56.1,45,39,36.4,33,74,49.2,32,18,9.7,3,29.2,29.1,29.1,0,10/16/2022
41,32,30,20.2,11,67,46.2,24,21,13.2,6,29.2,29.2,29.1,0,10/17/2022
36.8,26,21,19.2,16,71,50.7,32,17,10.4,7,29.4,29.3,29.2,0,10/18/2022
38.6,25,18,15,11,72,42.5,19,13,7.8,0,29.3,29.2,29.1,0,10/19/2022
53.6,32,35,28.2,16,69,40,21,15,9.4,5,29.1,28.9,28.9,0,10/20/2022
66.1,47,41,36.6,33,66,37.2,18,20,11.3,6,28.9,28.9,28.8,0,10/21/2022
70.2,59,53,47,41,60,45.2,22,25,15.6,8,28.8,28.8,28.7,0,10/22/2022
73.5,66,62,57,53,68,57.1,40,24,17.1,12,28.8,28.8,28.8,0,10/23/2022
66.7,58,63,58.3,56,93,76.1,53,22,13.4,0,28.9,28.8,28.7,0,10/24/2022
47.5,42,54,44,38,94,87.6,74,28,16.5,9,28.9,28.8,28.6,0.98,10/25/2022
49.8,39,41,36.9,34,89,64.7,33,10,6.6,0,29.2,29.1,29,1.05,10/26/2022
51.3,42,40,36.9,35,79,60,35,17,9.8,5,29.3,29.2,29.2,0,10/27/2022
51.8,40,41,37.8,36,86,61.7,36,10,6.6,0,29.4,29.3,29.3,0,10/28/2022
56.5,44,49,43.5,37,80,63.1,45,13,7.7,6,29.3,29.2,29.1,0,10/29/2022
55.1,53,54,51.9,48,93,89.3,72,10,6.3,0,29.1,29,28.9,0.13,10/30/2022
58.3,53,53,48.3,41,93,72.2,37,9,5.9,0,29.1,29,28.9,0.3,10/31/2022
61,42,49,39.8,33,92,52.2,21,8,5.2,0,29.2,29.2,29.1,0.01,11/1/2022
61.8,48,50,42.2,35,71,49.9,32,14,8.5,5,29.3,29.2,29.2,0,11/2/2022
66.9,54,56,52.4,45,80,60.7,45,20,13.5,8,29.2,29.1,29,0,11/3/2022
71.2,63,63,58.7,55,93,66.3,46,28,17.2,10,29,28.8,28.6,0,11/4/2022
53.4,44,63,44.8,34,93,73.9,47,31,18.9,7,28.9,28.7,28.5,1.05,11/5/2022
55,43,46,41.5,35,82,62,42,14,8.8,0,29.3,29,28.9,0,11/6/2022
52.3,46,34,26.3,22,61,38.1,22,18,11.6,7,29.5,29.4,29.4,0,11/7/2022
57.1,46,47,38.4,29,62,50.1,41,14,9,6,29.5,29.4,29.3,0,11/8/2022
68.5,55,61,54.9,45,80,62.9,48,17,11.4,7,29.3,29.2,29.1,0,11/9/2022
66.7,47,60,53.9,38,81,64.9,46,24,14,6,29.1,29,28.9,0,11/10/2022
36.6,29,39,28.8,20,89,73.8,51,20,14.8,8,29.2,29.1,29,0.07,11/11/2022
29.1,27,19,17.9,16,67,63.1,56,17,12.3,6,29.4,29.3,29.2,0,11/12/2022
32.7,27,21,19,16,75,57.8,43,8,4.6,0,29.4,29.4,29.3,0,11/13/2022
34.3,25,33,27.1,20,96,76.9,45,14,5.5,0,29.3,29.2,29.1,0,11/14/2022
34.2,32,33,31.1,24,96,88.6,72,15,6.1,0,29.4,29.2,29.2,0.33,11/15/2022
28.9,23,23,20.1,17,81,70,61,23,12.7,5,29.4,29.4,29.4,0,11/16/2022
31.4,19,27,19.3,12,85,62.5,44,17,10.6,6,29.4,29.3,29.3,0,11/17/2022
24,18,15,10.8,8,68,57.9,41,20,11.3,6,29.5,29.4,29.4,0,11/18/2022
26,19,14,11.3,10,68,54.9,39,22,12.9,5,29.5,29.3,29.2,0,11/19/2022
31.3,16,17,11.7,9,77,47.8,23,16,8.9,5,29.5,29.4,29.3,0,11/20/2022
42.7,27,24,20.3,15,63,43.2,25,15,9,5,29.3,29.3,29.3,0,11/21/2022
46.4,33,37,30.9,22,77,56.3,34,15,7.6,5,29.3,29.3,29.2,0,11/22/2022
49.5,38,43,38.5,35,89,67.7,46,15,8.3,5,29.2,29.2,29.1,0,11/23/2022
49.1,44,49,46.1,41,97,89.7,74,9,5.5,0,29.3,29.2,29.1,0.03,11/24/2022
43,33,38,31.6,27,93,67.1,37,10,6,0,29.4,29.3,29.2,0.01,11/25/2022
45.2,31,44,37.5,29,93,75.9,49,14,7.9,3,29.2,28.9,28.6,0,11/26/2022
44.4,42,44,40.9,37,93,87.6,76,21,10.4,3,29,28.7,28.5,0.99,11/27/2022
42.5,32,40,34.9,31,96,76.3,48,14,8.3,5,29,28.9,28.8,0.09,11/28/2022
48.7,28,51,38.5,18,80,68.8,51,24,19.1,13,29.1,28.8,28.5,0,11/29/2022
29,24,16,13.2,12,66,52.5,37,20,11.1,3,29.5,29.4,29.1,0,11/30/2022
35.4,22,19,15.5,12,72,46.9,29,21,12,3,29.5,29.4,29.1,0,12/1/2022
53.2,43,53,36.9,20,77,55.1,37,33,18.1,10,29.1,28.9,28.8,0,12/2/2022
28.9,23,24,15,11,72,56.9,40,22,8.9,0,29.6,29.5,29.2,0,12/3/2022
34,24,23,20.3,16,75,58.4,42,8,5.8,3,29.4,29.2,29,0,12/4/2022
46.2,34,41,34.9,24,77,65.4,49,9,6,0,29,28.9,28.8,0,12/5/2022
44.8,37,45,41,33,97,87,74,8,4.9,0,29.1,29,28.9,0,12/6/2022
46.9,45,46,44.2,43,100,90.7,83,7,1.7,0,29.3,29.3,29.1,0.01,12/7/2022
46.1,45,45,42.7,41,97,88.3,80,13,8.6,6,29.3,29.2,29.1,0,12/8/2022
43.4,37,49,39.6,32,97,86.3,77,14,8.7,0,29.2,29.2,29.1,0.09,12/9/2022
39.9,37,40,36.1,33,93,86.5,79,9,4.8,0,29.3,29.2,29.2,0,12/10/2022
37.3,31,34,31.7,29,92,80.5,65,14,5.6,0,29.3,29.3,29.2,0.01,12/11/2022
37.4,34,33,32,30,89,81.3,73,15,11.3,5,29.3,29.2,29,0,12/12/2022
45.1,36,53,42.3,32,97,90.3,82,21,13.6,6,29.1,28.9,28.7,0,12/13/2022
45.6,37,51,41.3,26,97,85.6,65,15,8.1,0,28.8,28.7,28.7,1.07,12/14/2022
34.4,32,26,23.3,21,70,63.8,59,22,14.5,12,28.8,28.8,28.7,0,12/15/2022
30.3,27,21,16.7,14,67,57.4,50,22,15,9,28.9,28.9,28.8,0,12/16/2022
25.4,21,16,13.3,11,69,60.3,51,20,13,7,29.1,29,28.9,0,12/17/2022
25,15,13,11.2,9,77,57.3,40,12,6,0,29.4,29.3,29.2,0,12/18/2022
34.2,27,25,19.4,13,59,54.9,47,12,7.2,3,29.4,29.4,29.3,0,12/19/2022
32.4,25,28,22.6,14,75,67.4,57,14,7.8,0,29.5,29.5,29.4,0,12/20/2022
27.9,23,27,19.3,14,79,70.4,63,12,6.8,0,29.5,29.3,29,0,12/21/2022
9.6,-6,27,3.1,-16,85,74.8,62,30,19.2,0,29.4,29.1,28.9,0,12/22/2022
-0.2,-6,-4,-11.8,-17,65,58.1,52,25,19.8,14,29.4,29.4,29.3,0,12/23/2022
11.6,5,3,-0.3,-4,66,59,50,21,14.8,10,29.4,29.4,29.3,0,12/24/2022
15.9,5,9,0.5,-4,67,52.3,32,13,9.4,6,29.4,29.3,29.1,0,12/25/2022
23.4,11,27,15.2,7,84,71,53,20,10.7,3,29.4,29.2,29,0,12/26/2022
23.5,7,22,14.1,4,87,68.6,52,18,11.3,0,29.4,29.1,28.9,0,12/27/2022
47.3,32,45,30.3,22,69,53.5,35,26,17.9,10,28.9,28.8,28.7,0,12/28/2022
62.9,53,54,47.8,33,75,58.8,39,26,18.5,10,29,28.9,28.8,0,12/29/2022
41.4,33,36,33,30,89,72.8,56,9,6.8,3,29.1,29.1,29,0,12/30/2022
42.8,32,46,35.9,30,96,78.7,53,12,8.3,5,29,28.9,28.8,0,12/31/2022
